DRY_RUN_ID,CURRENT_TIMESTAMP,STEP_NAME,RESOURCE_NAME,NUM_INPUTS,INPUT_DATA_VOLUME,NUM_OUTPUTS,OUTPUT_DATA_VOLUME,STEP_PROCESSING_TIME,DATA_TRANSMISSION_TIME
112,2.02411E+13,01-01-retrieve,fog3,1,364123,1,364123,540,8
112,2.02411E+13,01-02-prepare-and-store,fog3,1,327259,1,327259,986,0
112,2.02411E+13,02-01-retrieve,fog3,1,137319920,1,137319920,1095,7
112,2.02411E+13,02-02-slice,fog3,1,135994166,2,135994166,2035,0
112,2.02411E+13,02-03-prepare,fog3,2,6844362,2,238543421,27567,0
113,2.02411E+13,01-01-retrieve,cloud1,1,364123,1,364123,307,5
113,2.02411E+13,01-02-prepare-and-store,cloud1,1,327259,1,327259,1060,0
113,2.02411E+13,02-01-retrieve,cloud1,1,137319920,1,137319920,266,6
113,2.02411E+13,02-02-slice,cloud1,1,135994166,2,135994166,2132,0
113,2.02411E+13,02-03-prepare,cloud1,2,6844362,2,238543421,31708,0
114,2.02411E+13,01-01-retrieve,cloud2,1,364123,1,364123,304,6
114,2.02411E+13,01-02-prepare-and-store,cloud2,1,327259,1,327259,1036,0
114,2.02411E+13,02-01-retrieve,cloud2,1,137319920,1,137319920,248,6
114,2.02411E+13,02-02-slice,cloud2,1,135994166,2,135994166,2276,0
114,2.02411E+13,02-03-prepare,cloud2,2,6844362,2,238543421,33082,0
115,2.02411E+13,01-01-retrieve,cloud3,1,364123,1,364123,339,6
115,2.02411E+13,01-02-prepare-and-store,cloud3,1,327259,1,327259,1089,0
115,2.02411E+13,02-01-retrieve,cloud3,1,137319920,1,137319920,366,10
115,2.02411E+13,02-02-slice,cloud3,1,135994166,2,135994166,2190,0
115,2.02411E+13,02-03-prepare,cloud3,2,6844362,2,238543421,32501,0
116,2.02411E+13,01-01-retrieve,cloud4,1,364123,1,364123,263,5
116,2.02411E+13,01-02-prepare-and-store,cloud4,1,327259,1,327259,1011,0
116,2.02411E+13,02-01-retrieve,cloud4,1,137319920,1,137319920,340,6
116,2.02411E+13,02-02-slice,cloud4,1,135994166,2,135994166,2095,0
116,2.02411E+13,02-03-prepare,cloud4,2,6844362,2,238543421,29765,0
117,2.02411E+13,01-01-retrieve,cloud5,1,360027,1,360027,336,6
117,2.02411E+13,01-02-prepare-and-store,cloud5,1,327259,1,327259,1049,0
117,2.02411E+13,02-01-retrieve,cloud5,1,137315824,1,137315824,433,6
117,2.02411E+13,02-02-slice,cloud5,1,135994166,2,135994166,2301,0
117,2.02411E+13,02-03-prepare,cloud5,2,6844362,2,238541373,31813,0
118,2.02411E+13,01-01-retrieve,cloud6,1,364123,1,364123,342,6
118,2.02411E+13,01-02-prepare-and-store,cloud6,1,327259,1,327259,1062,0
118,2.02411E+13,02-01-retrieve,cloud6,1,137319920,1,137319920,412,6
118,2.02411E+13,02-02-slice,cloud6,1,135994166,2,135994166,2299,0
118,2.02411E+13,02-03-prepare,cloud6,2,6844362,2,238543421,31804,0
119,2.02411E+13,01-01-retrieve,cloud7,1,364123,1,364123,363,7
119,2.02411E+13,01-02-prepare-and-store,cloud7,1,327259,1,327259,1059,0
119,2.02411E+13,02-01-retrieve,cloud7,1,137319920,1,137319920,325,7
119,2.02411E+13,02-02-slice,cloud7,1,135994166,2,135994166,2279,0
119,2.02411E+13,02-03-prepare,cloud7,2,6844362,2,238543421,31788,0
120,2.02411E+13,01-01-retrieve,cloud8,1,364123,1,364123,382,7
120,2.02411E+13,01-02-prepare-and-store,cloud8,1,327259,1,327259,1083,0
120,2.02411E+13,02-01-retrieve,cloud8,1,137319920,1,137319920,279,5
120,2.02411E+13,02-02-slice,cloud8,1,135994166,2,135994166,2287,0
120,2.02411E+13,02-03-prepare,cloud8,2,6844362,2,238543421,31811,0
121,2.02411E+13,01-01-retrieve,fog2,1,184964,1,184964,576,6
121,2.02411E+13,01-02-prepare-and-store,fog2,1,131716,1,131716,1010,0
121,2.02411E+13,02-01-retrieve,fog2,1,149248775,1,149248775,1189,5
121,2.02411E+13,02-02-slice,fog2,1,148010650,2,148010650,2179,0
121,2.02411E+13,02-03-prepare,fog2,2,19601787,2,258544092,28556,0
122,2.02411E+13,01-01-retrieve,fog3,1,168580,1,168580,570,7
122,2.02411E+13,01-02-prepare-and-store,fog3,1,131716,1,131716,980,0
122,2.02411E+13,02-01-retrieve,fog3,1,149232391,1,149232391,1189,7
122,2.02411E+13,02-02-slice,fog3,1,148010650,2,148010650,2189,0
122,2.02411E+13,02-03-prepare,fog3,2,19601787,2,258535900,29052,0
123,2.02411E+13,01-01-retrieve,cloud1,1,168580,1,168580,357,5
123,2.02411E+13,01-02-prepare-and-store,cloud1,1,131716,1,131716,1040,0
123,2.02411E+13,02-01-retrieve,cloud1,1,149232391,1,149232391,271,5
123,2.02411E+13,02-02-slice,cloud1,1,148010650,2,148010650,2234,0
123,2.02411E+13,02-03-prepare,cloud1,2,19601787,2,258535900,34269,0
124,2.02411E+13,01-01-retrieve,cloud2,1,168580,1,168580,349,5
124,2.02411E+13,01-02-prepare-and-store,cloud2,1,131716,1,131716,1019,0
124,2.02411E+13,02-01-retrieve,cloud2,1,149232391,1,149232391,293,5
124,2.02411E+13,02-02-slice,cloud2,1,148010650,2,148010650,2439,0
124,2.02411E+13,02-03-prepare,cloud2,2,19601787,2,258535900,35089,0
125,2.02411E+13,01-01-retrieve,cloud3,1,168580,1,168580,323,6
125,2.02411E+13,01-02-prepare-and-store,cloud3,1,131716,1,131716,1181,0
125,2.02411E+13,02-01-retrieve,cloud3,1,149232391,1,149232391,379,6
125,2.02411E+13,02-02-slice,cloud3,1,148010650,2,148010650,2340,0
125,2.02411E+13,02-03-prepare,cloud3,2,19601787,2,258535900,34418,0
126,2.02411E+13,01-01-retrieve,cloud4,1,168580,1,168580,285,5
126,2.02411E+13,01-02-prepare-and-store,cloud4,1,131716,1,131716,1037,0
126,2.02411E+13,02-01-retrieve,cloud4,1,149232391,1,149232391,311,5
126,2.02411E+13,02-02-slice,cloud4,1,148010650,2,148010650,2257,0
126,2.02411E+13,02-03-prepare,cloud4,2,19601787,2,258535900,32274,0
127,2.02411E+13,01-01-retrieve,cloud5,1,164484,1,164484,367,6
127,2.02411E+13,01-02-prepare-and-store,cloud5,1,131716,1,131716,1055,0
127,2.02411E+13,02-01-retrieve,cloud5,1,149228295,1,149228295,449,6
127,2.02411E+13,02-02-slice,cloud5,1,148010650,2,148010650,2433,0
127,2.02411E+13,02-03-prepare,cloud5,2,19601787,2,258533852,33803,0
128,2.02411E+13,01-01-retrieve,cloud6,1,168580,1,168580,402,6
128,2.02411E+13,01-02-prepare-and-store,cloud6,1,131716,1,131716,1050,0
128,2.02411E+13,02-01-retrieve,cloud6,1,149232391,1,149232391,460,6
128,2.02411E+13,02-02-slice,cloud6,1,148010650,2,148010650,2467,0
128,2.02411E+13,02-03-prepare,cloud6,2,19601787,2,258535900,33783,0
129,2.02411E+13,01-01-retrieve,cloud7,1,168580,1,168580,409,6
129,2.02411E+13,01-02-prepare-and-store,cloud7,1,131716,1,131716,1056,0
129,2.02411E+13,02-01-retrieve,cloud7,1,149232391,1,149232391,395,5
129,2.02411E+13,02-02-slice,cloud7,1,148010650,2,148010650,2433,0
129,2.02411E+13,02-03-prepare,cloud7,2,19601787,2,258535900,34292,0
130,2.02411E+13,01-01-retrieve,cloud8,1,168580,1,168580,356,6
130,2.02411E+13,01-02-prepare-and-store,cloud8,1,131716,1,131716,1050,0
130,2.02411E+13,02-01-retrieve,cloud8,1,149232391,1,149232391,281,5
130,2.02411E+13,02-02-slice,cloud8,1,148010650,2,148010650,2453,0
130,2.02411E+13,02-03-prepare,cloud8,2,19601787,2,258535900,34348,0
131,2.02411E+13,01-01-retrieve,fog2,1,456375,1,456375,59,6
131,2.02411E+13,01-02-prepare-and-store,fog2,1,403127,1,403127,990,0
131,2.02411E+13,02-01-retrieve,fog2,1,13724493,1,13724493,114,6
131,2.02411E+13,02-02-slice,fog2,1,13173934,1,13173934,599,0
131,2.02411E+13,02-03-prepare,fog2,1,13287006,1,46739035,8743,0
132,2.02411E+13,01-01-retrieve,fog3,1,439991,1,439991,52,6
132,2.02411E+13,01-02-prepare-and-store,fog3,1,403127,1,403127,1008,0
132,2.02411E+13,02-01-retrieve,fog3,1,13708109,1,13708109,112,7
132,2.02411E+13,02-02-slice,fog3,1,13173934,1,13173934,602,0
132,2.02411E+13,02-03-prepare,fog3,1,13287006,1,46722651,8769,0
133,2.02411E+13,01-01-retrieve,cloud1,1,439991,1,439991,36,5
133,2.02411E+13,01-02-prepare-and-store,cloud1,1,403127,1,403127,1082,0
133,2.02411E+13,02-01-retrieve,cloud1,1,13708109,1,13708109,32,6
133,2.02411E+13,02-02-slice,cloud1,1,13173934,1,13173934,667,0
133,2.02411E+13,02-03-prepare,cloud1,1,13287006,1,46722651,8797,0
134,2.02411E+13,01-01-retrieve,cloud2,1,439991,1,439991,34,5
134,2.02411E+13,01-02-prepare-and-store,cloud2,1,403127,1,403127,1048,0
134,2.02411E+13,02-01-retrieve,cloud2,1,13708109,1,13708109,31,5
134,2.02411E+13,02-02-slice,cloud2,1,13173934,1,13173934,678,0
134,2.02411E+13,02-03-prepare,cloud2,1,13287006,1,46722651,9298,0
135,2.02411E+13,01-01-retrieve,cloud3,1,439991,1,439991,33,6
135,2.02411E+13,01-02-prepare-and-store,cloud3,1,403127,1,403127,1099,0
135,2.02411E+13,02-01-retrieve,cloud3,1,13708109,1,13708109,41,6
135,2.02411E+13,02-02-slice,cloud3,1,13173934,1,13173934,715,0
135,2.02411E+13,02-03-prepare,cloud3,1,13287006,1,46722651,9613,0
136,2.02411E+13,01-01-retrieve,cloud4,1,439991,1,439991,33,5
136,2.02411E+13,01-02-prepare-and-store,cloud4,1,403127,1,403127,1020,0
136,2.02411E+13,02-01-retrieve,cloud4,1,13708109,1,13708109,40,5
136,2.02411E+13,02-02-slice,cloud4,1,13173934,1,13173934,648,0
136,2.02411E+13,02-03-prepare,cloud4,1,13287006,1,46722651,8888,0
137,2.02411E+13,01-01-retrieve,cloud5,1,435895,1,435895,41,6
137,2.02411E+13,01-02-prepare-and-store,cloud5,1,403127,1,403127,1070,0
137,2.02411E+13,02-01-retrieve,cloud5,1,13704013,1,13704013,50,5
137,2.02411E+13,02-02-slice,cloud5,1,13173934,1,13173934,694,0
137,2.02411E+13,02-03-prepare,cloud5,1,13287006,1,46718555,9401,0
138,2.02411E+13,01-01-retrieve,cloud6,1,439991,1,439991,42,6
138,2.02411E+13,01-02-prepare-and-store,cloud6,1,403127,1,403127,1057,0
138,2.02411E+13,02-01-retrieve,cloud6,1,13708109,1,13708109,49,6
138,2.02411E+13,02-02-slice,cloud6,1,13173934,1,13173934,687,0
138,2.02411E+13,02-03-prepare,cloud6,1,13287006,1,46722651,9339,0
139,2.02411E+13,01-01-retrieve,cloud7,1,439991,1,439991,43,6
139,2.02411E+13,01-02-prepare-and-store,cloud7,1,403127,1,403127,1065,0
139,2.02411E+13,02-01-retrieve,cloud7,1,13708109,1,13708109,35,7
139,2.02411E+13,02-02-slice,cloud7,1,13173934,1,13173934,691,0
139,2.02411E+13,02-03-prepare,cloud7,1,13287006,1,46722651,8841,0
140,2.02411E+13,01-01-retrieve,cloud8,1,439991,1,439991,38,6
140,2.02411E+13,01-02-prepare-and-store,cloud8,1,403127,1,403127,1061,0
140,2.02411E+13,02-01-retrieve,cloud8,1,13708109,1,13708109,34,5
140,2.02411E+13,02-02-slice,cloud8,1,13173934,1,13173934,699,0
140,2.02411E+13,02-03-prepare,cloud8,1,13287006,1,46722651,9384,0
141,2.02411E+13,01-01-retrieve,fog2,1,711663,1,711663,633,6
141,2.02411E+13,01-02-prepare-and-store,fog2,1,658415,1,658415,1001,0
141,2.02411E+13,02-01-retrieve,fog2,1,163462334,1,163462334,1299,6
141,2.02411E+13,02-02-slice,fog2,1,161606701,2,161606701,2295,0
141,2.02411E+13,02-03-prepare,fog2,2,32169533,2,284461033,31140,0
142,2.02411E+13,01-01-retrieve,fog3,1,695279,1,695279,626,7
142,2.02411E+13,01-02-prepare-and-store,fog3,1,658415,1,658415,984,0
142,2.02411E+13,02-01-retrieve,fog3,1,163445950,1,163445950,1297,8
142,2.02411E+13,02-02-slice,fog3,1,161606701,2,161606701,2323,0
142,2.02411E+13,02-03-prepare,fog3,2,32169533,2,284452841,31059,0
143,2.02411E+13,01-01-retrieve,cloud1,1,695279,1,695279,368,5
143,2.02411E+13,01-02-prepare-and-store,cloud1,1,658415,1,658415,1073,0
143,2.02411E+13,02-01-retrieve,cloud1,1,163445950,1,163445950,299,6
143,2.02411E+13,02-02-slice,cloud1,1,161606701,2,161606701,2504,0
143,2.02411E+13,02-03-prepare,cloud1,2,32169533,2,284452841,36821,0
144,2.02411E+13,01-01-retrieve,cloud2,1,695279,1,695279,374,6
144,2.02411E+13,01-02-prepare-and-store,cloud2,1,658415,1,658415,1028,0
144,2.02411E+13,02-01-retrieve,cloud2,1,163445950,1,163445950,289,6
144,2.02411E+13,02-02-slice,cloud2,1,161606701,2,161606701,2568,0
144,2.02411E+13,02-03-prepare,cloud2,2,32169533,2,284452841,37643,0
145,2.02411E+13,01-01-retrieve,cloud3,1,695279,1,695279,437,5
145,2.02411E+13,01-02-prepare-and-store,cloud3,1,658415,1,658415,1095,0
145,2.02411E+13,02-01-retrieve,cloud3,1,163445950,1,163445950,407,8
145,2.02411E+13,02-02-slice,cloud3,1,161606701,2,161606701,2507,0
145,2.02411E+13,02-03-prepare,cloud3,2,32169533,2,284452841,36946,0
146,2.02411E+13,01-01-retrieve,cloud4,1,695279,1,695279,325,5
146,2.02411E+13,01-02-prepare-and-store,cloud4,1,658415,1,658415,1109,0
146,2.02411E+13,02-01-retrieve,cloud4,1,163445950,1,163445950,389,6
146,2.02411E+13,02-02-slice,cloud4,1,161606701,2,161606701,2437,0
146,2.02411E+13,02-03-prepare,cloud4,2,32169533,2,284452841,36286,0
147,2.02411E+13,01-01-retrieve,cloud5,1,691183,1,691183,402,6
147,2.02411E+13,01-02-prepare-and-store,cloud5,1,658415,1,658415,1060,0
147,2.02411E+13,02-01-retrieve,cloud5,1,163441854,1,163441854,483,7
147,2.02411E+13,02-02-slice,cloud5,1,161606701,2,161606701,2601,0
147,2.02411E+13,02-03-prepare,cloud5,2,32169533,2,284450793,36822,0
148,2.02411E+13,01-01-retrieve,cloud6,1,695279,1,695279,447,6
148,2.02411E+13,01-02-prepare-and-store,cloud6,1,658415,1,658415,1065,0
148,2.02411E+13,02-01-retrieve,cloud6,1,163445950,1,163445950,529,6
148,2.02411E+13,02-02-slice,cloud6,1,161606701,2,161606701,2606,0
148,2.02411E+13,02-03-prepare,cloud6,2,32169533,2,284452841,37229,0
149,2.02411E+13,01-01-retrieve,cloud7,1,695279,1,695279,467,6
149,2.02411E+13,01-02-prepare-and-store,cloud7,1,658415,1,658415,1061,0
149,2.02411E+13,02-01-retrieve,cloud7,1,163445950,1,163445950,301,7
149,2.02411E+13,02-02-slice,cloud7,1,161606701,2,161606701,2588,0
149,2.02411E+13,02-03-prepare,cloud7,2,32169533,2,284452841,36724,0
150,2.02411E+13,01-01-retrieve,cloud8,1,695279,1,695279,418,6
150,2.02411E+13,01-02-prepare-and-store,cloud8,1,658415,1,658415,1070,0
150,2.02411E+13,02-01-retrieve,cloud8,1,163445950,1,163445950,310,6
150,2.02411E+13,02-02-slice,cloud8,1,161606701,2,161606701,2601,0
150,2.02411E+13,02-03-prepare,cloud8,2,32169533,2,284452841,36303,0
151,2.02411E+13,01-01-retrieve,fog2,1,266370,1,266370,73,5
151,2.02411E+13,01-02-prepare-and-store,fog2,1,213122,1,213122,991,0
151,2.02411E+13,02-01-retrieve,fog2,1,20613620,1,20613620,171,6
151,2.02411E+13,02-02-slice,fog2,1,20207383,1,20207383,681,0
151,2.02411E+13,02-03-prepare,fog2,1,20369438,1,71370490,9764,0
152,2.02411E+13,01-01-retrieve,fog3,1,249986,1,249986,92,8
152,2.02411E+13,01-02-prepare-and-store,fog3,1,213122,1,213122,1013,0
152,2.02411E+13,02-01-retrieve,fog3,1,20597236,1,20597236,170,6
152,2.02411E+13,02-02-slice,fog3,1,20207383,1,20207383,675,0
152,2.02411E+13,02-03-prepare,fog3,1,20369438,1,71354106,9729,0
153,2.02411E+13,01-01-retrieve,cloud1,1,249986,1,249986,64,6
153,2.02411E+13,01-02-prepare-and-store,cloud1,1,213122,1,213122,1093,0
153,2.02411E+13,02-01-retrieve,cloud1,1,20597236,1,20597236,49,6
153,2.02411E+13,02-02-slice,cloud1,1,20207383,1,20207383,773,0
153,2.02411E+13,02-03-prepare,cloud1,1,20369438,1,71354106,10346,0
154,2.02411E+13,01-01-retrieve,cloud2,1,249986,1,249986,47,5
154,2.02411E+13,01-02-prepare-and-store,cloud2,1,213122,1,213122,1022,0
154,2.02411E+13,02-01-retrieve,cloud2,1,20597236,1,20597236,52,5
154,2.02411E+13,02-02-slice,cloud2,1,20207383,1,20207383,737,0
154,2.02411E+13,02-03-prepare,cloud2,1,20369438,1,71354106,10264,0
155,2.02411E+13,01-01-retrieve,cloud3,1,249986,1,249986,55,5
155,2.02411E+13,01-02-prepare-and-store,cloud3,1,213122,1,213122,1098,0
155,2.02411E+13,02-01-retrieve,cloud3,1,20597236,1,20597236,61,6
155,2.02411E+13,02-02-slice,cloud3,1,20207383,1,20207383,787,0
155,2.02411E+13,02-03-prepare,cloud3,1,20369438,1,71354106,10499,0
156,2.02411E+13,01-01-retrieve,cloud4,1,249986,1,249986,45,6
156,2.02411E+13,01-02-prepare-and-store,cloud4,1,213122,1,213122,1051,0
156,2.02411E+13,02-01-retrieve,cloud4,1,20597236,1,20597236,53,5
156,2.02411E+13,02-02-slice,cloud4,1,20207383,1,20207383,742,0
156,2.02411E+13,02-03-prepare,cloud4,1,20369438,1,71354106,9867,0
157,2.02411E+13,01-01-retrieve,cloud5,1,245890,1,245890,55,6
157,2.02411E+13,01-02-prepare-and-store,cloud5,1,213122,1,213122,1062,0
157,2.02411E+13,02-01-retrieve,cloud5,1,20593140,1,20593140,71,6
157,2.02411E+13,02-02-slice,cloud5,1,20207383,1,20207383,779,0
157,2.02411E+13,02-03-prepare,cloud5,1,20369438,1,71350010,10374,0
158,2.02411E+13,01-01-retrieve,cloud6,1,249986,1,249986,55,6
158,2.02411E+13,01-02-prepare-and-store,cloud6,1,213122,1,213122,1056,0
158,2.02411E+13,02-01-retrieve,cloud6,1,20597236,1,20597236,72,6
158,2.02411E+13,02-02-slice,cloud6,1,20207383,1,20207383,770,0
158,2.02411E+13,02-03-prepare,cloud6,1,20369438,1,71354106,10356,0
159,2.02411E+13,01-01-retrieve,cloud7,1,249986,1,249986,59,6
159,2.02411E+13,01-02-prepare-and-store,cloud7,1,213122,1,213122,1057,0
159,2.02411E+13,02-01-retrieve,cloud7,1,20597236,1,20597236,44,5
159,2.02411E+13,02-02-slice,cloud7,1,20207383,1,20207383,777,0
159,2.02411E+13,02-03-prepare,cloud7,1,20369438,1,71354106,10365,0
160,2.02411E+13,01-01-retrieve,cloud8,1,249986,1,249986,59,7
160,2.02411E+13,01-02-prepare-and-store,cloud8,1,213122,1,213122,1074,0
160,2.02411E+13,02-01-retrieve,cloud8,1,20597236,1,20597236,49,6
160,2.02411E+13,02-02-slice,cloud8,1,20207383,1,20207383,787,0
160,2.02411E+13,02-03-prepare,cloud8,1,20369438,1,71354106,10379,0
161,2.02411E+13,01-01-retrieve,fog2,1,390829,1,390829,104,6
161,2.02411E+13,01-02-prepare-and-store,fog2,1,337581,1,337581,986,0
161,2.02411E+13,02-01-retrieve,fog2,1,27188668,1,27188668,221,6
161,2.02411E+13,02-02-slice,fog2,1,26612199,1,26612199,753,0
161,2.02411E+13,02-03-prepare,fog2,1,26831518,1,93739439,10250,0
162,2.02411E+13,01-01-retrieve,fog3,1,374445,1,374445,127,8
162,2.02411E+13,01-02-prepare-and-store,fog3,1,337581,1,337581,987,0
162,2.02411E+13,02-01-retrieve,fog3,1,27172284,1,27172284,222,6
162,2.02411E+13,02-02-slice,fog3,1,26612199,1,26612199,748,0
162,2.02411E+13,02-03-prepare,fog3,1,26831518,1,93723055,10257,0
163,2.02411E+13,01-01-retrieve,cloud1,1,374445,1,374445,88,6
163,2.02411E+13,01-02-prepare-and-store,cloud1,1,337581,1,337581,1092,0
163,2.02411E+13,02-01-retrieve,cloud1,1,27172284,1,27172284,55,6
163,2.02411E+13,02-02-slice,cloud1,1,26612199,1,26612199,863,0
163,2.02411E+13,02-03-prepare,cloud1,1,26831518,1,93723055,11389,0
164,2.02411E+13,01-01-retrieve,cloud2,1,374445,1,374445,63,7
164,2.02411E+13,01-02-prepare-and-store,cloud2,1,337581,1,337581,1030,0
164,2.02411E+13,02-01-retrieve,cloud2,1,27172284,1,27172284,52,5
164,2.02411E+13,02-02-slice,cloud2,1,26612199,1,26612199,829,0
164,2.02411E+13,02-03-prepare,cloud2,1,26831518,1,93723055,11742,0
165,2.02411E+13,01-01-retrieve,cloud3,1,374445,1,374445,79,5
165,2.02411E+13,01-02-prepare-and-store,cloud3,1,337581,1,337581,1113,0
165,2.02411E+13,02-01-retrieve,cloud3,1,27172284,1,27172284,79,6
165,2.02411E+13,02-02-slice,cloud3,1,26612199,1,26612199,855,0
165,2.02411E+13,02-03-prepare,cloud3,1,26831518,1,93723055,11524,0
166,2.02411E+13,01-01-retrieve,cloud4,1,374445,1,374445,58,5
166,2.02411E+13,01-02-prepare-and-store,cloud4,1,337581,1,337581,1021,0
166,2.02411E+13,02-01-retrieve,cloud4,1,27172284,1,27172284,71,5
166,2.02411E+13,02-02-slice,cloud4,1,26612199,1,26612199,791,0
166,2.02411E+13,02-03-prepare,cloud4,1,26831518,1,93723055,11358,0
167,2.02411E+13,01-01-retrieve,cloud5,1,370349,1,370349,80,7
167,2.02411E+13,01-02-prepare-and-store,cloud5,1,337581,1,337581,1063,0
167,2.02411E+13,02-01-retrieve,cloud5,1,27168188,1,27168188,90,6
167,2.02411E+13,02-02-slice,cloud5,1,26612199,1,26612199,842,0
167,2.02411E+13,02-03-prepare,cloud5,1,26831518,1,93718959,11379,0
168,2.02411E+13,01-01-retrieve,cloud6,1,374445,1,374445,73,6
168,2.02411E+13,01-02-prepare-and-store,cloud6,1,337581,1,337581,1062,0
168,2.02411E+13,02-01-retrieve,cloud6,1,27172284,1,27172284,96,6
168,2.02411E+13,02-02-slice,cloud6,1,26612199,1,26612199,852,0
168,2.02411E+13,02-03-prepare,cloud6,1,26831518,1,93723055,11397,0
169,2.02411E+13,01-01-retrieve,cloud7,1,374445,1,374445,77,7
169,2.02411E+13,01-02-prepare-and-store,cloud7,1,337581,1,337581,1054,0
169,2.02411E+13,02-01-retrieve,cloud7,1,27172284,1,27172284,60,7
169,2.02411E+13,02-02-slice,cloud7,1,26612199,1,26612199,856,0
169,2.02411E+13,02-03-prepare,cloud7,1,26831518,1,93723055,11361,0
170,2.02411E+13,01-01-retrieve,cloud8,1,374445,1,374445,88,7
170,2.02411E+13,01-02-prepare-and-store,cloud8,1,337581,1,337581,1061,0
170,2.02411E+13,02-01-retrieve,cloud8,1,27172284,1,27172284,70,5
170,2.02411E+13,02-02-slice,cloud8,1,26612199,1,26612199,864,0
170,2.02411E+13,02-03-prepare,cloud8,1,26831518,1,93723055,11376,0
171,2.02411E+13,01-01-retrieve,fog2,1,338805,1,338805,123,6
171,2.02411E+13,01-02-prepare-and-store,fog2,1,285557,1,285557,1001,0
171,2.02411E+13,02-01-retrieve,fog2,1,31602796,1,31602796,257,6
171,2.02411E+13,02-02-slice,fog2,1,31032892,1,31032892,815,0
171,2.02411E+13,02-03-prepare,fog2,1,31305065,1,111134546,11312,0
172,2.02411E+13,01-01-retrieve,fog3,1,322421,1,322421,129,6
172,2.02411E+13,01-02-prepare-and-store,fog3,1,285557,1,285557,1002,0
172,2.02411E+13,02-01-retrieve,fog3,1,31586412,1,31586412,256,6
172,2.02411E+13,02-02-slice,fog3,1,31032892,1,31032892,810,0
172,2.02411E+13,02-03-prepare,fog3,1,31305065,1,111118162,11249,0
173,2.02411E+13,01-01-retrieve,cloud1,1,322421,1,322421,79,6
173,2.02411E+13,01-02-prepare-and-store,cloud1,1,285557,1,285557,1081,0
173,2.02411E+13,02-01-retrieve,cloud1,1,31586412,1,31586412,69,6
173,2.02411E+13,02-02-slice,cloud1,1,31032892,1,31032892,931,0
173,2.02411E+13,02-03-prepare,cloud1,1,31305065,1,111118162,12379,0
174,2.02411E+13,01-01-retrieve,cloud2,1,322421,1,322421,77,6
174,2.02411E+13,01-02-prepare-and-store,cloud2,1,285557,1,285557,1026,0
174,2.02411E+13,02-01-retrieve,cloud2,1,31586412,1,31586412,62,5
174,2.02411E+13,02-02-slice,cloud2,1,31032892,1,31032892,906,0
174,2.02411E+13,02-03-prepare,cloud2,1,31305065,1,111118162,12786,0
175,2.02411E+13,01-01-retrieve,cloud3,1,322421,1,322421,92,5
175,2.02411E+13,01-02-prepare-and-store,cloud3,1,285557,1,285557,1095,0
175,2.02411E+13,02-01-retrieve,cloud3,1,31586412,1,31586412,78,6
175,2.02411E+13,02-02-slice,cloud3,1,31032892,1,31032892,934,0
175,2.02411E+13,02-03-prepare,cloud3,1,31305065,1,111118162,12509,0
176,2.02411E+13,01-01-retrieve,cloud4,1,322421,1,322421,73,6
176,2.02411E+13,01-02-prepare-and-store,cloud4,1,285557,1,285557,1043,0
176,2.02411E+13,02-01-retrieve,cloud4,1,31586412,1,31586412,73,7
176,2.02411E+13,02-02-slice,cloud4,1,31032892,1,31032892,857,0
176,2.02411E+13,02-03-prepare,cloud4,1,31305065,1,111118162,12399,0
177,2.02411E+13,01-01-retrieve,cloud5,1,318325,1,318325,94,6
177,2.02411E+13,01-02-prepare-and-store,cloud5,1,285557,1,285557,1055,0
177,2.02411E+13,02-01-retrieve,cloud5,1,31582316,1,31582316,104,6
177,2.02411E+13,02-02-slice,cloud5,1,31032892,1,31032892,939,0
177,2.02411E+13,02-03-prepare,cloud5,1,31305065,1,111114066,12895,0
178,2.02411E+13,01-01-retrieve,cloud6,1,322421,1,322421,102,7
178,2.02411E+13,01-02-prepare-and-store,cloud6,1,285557,1,285557,1064,0
178,2.02411E+13,02-01-retrieve,cloud6,1,31586412,1,31586412,105,6
178,2.02411E+13,02-02-slice,cloud6,1,31032892,1,31032892,933,0
178,2.02411E+13,02-03-prepare,cloud6,1,31305065,1,111118162,12374,0
179,2.02411E+13,01-01-retrieve,cloud7,1,322421,1,322421,93,6
179,2.02411E+13,01-02-prepare-and-store,cloud7,1,285557,1,285557,1051,0
179,2.02411E+13,02-01-retrieve,cloud7,1,31586412,1,31586412,72,5
179,2.02411E+13,02-02-slice,cloud7,1,31032892,1,31032892,933,0
179,2.02411E+13,02-03-prepare,cloud7,1,31305065,1,111118162,12371,0
180,2.02411E+13,01-01-retrieve,cloud8,1,322421,1,322421,90,6
180,2.02411E+13,01-02-prepare-and-store,cloud8,1,285557,1,285557,1059,0
180,2.02411E+13,02-01-retrieve,cloud8,1,31586412,1,31586412,67,7
180,2.02411E+13,02-02-slice,cloud8,1,31032892,1,31032892,913,0
180,2.02411E+13,02-03-prepare,cloud8,1,31305065,1,111118162,12892,0
181,2.02411E+13,01-01-retrieve,fog2,1,489186,1,489186,138,6
181,2.02411E+13,01-02-prepare-and-store,fog2,1,435938,1,435938,1005,0
181,2.02411E+13,02-01-retrieve,fog2,1,37943069,1,37943069,305,6
181,2.02411E+13,02-02-slice,fog2,1,37177070,1,37177070,894,0
181,2.02411E+13,02-03-prepare,fog2,1,37506463,1,130880778,11778,0
182,2.02411E+13,01-01-retrieve,fog3,1,472802,1,472802,144,6
182,2.02411E+13,01-02-prepare-and-store,fog3,1,435938,1,435938,984,0
182,2.02411E+13,02-01-retrieve,fog3,1,37926685,1,37926685,304,5
182,2.02411E+13,02-02-slice,fog3,1,37177070,1,37177070,879,0
182,2.02411E+13,02-03-prepare,fog3,1,37506463,1,130864394,12261,0
183,2.02411E+13,01-01-retrieve,cloud1,1,472802,1,472802,100,5
183,2.02411E+13,01-02-prepare-and-store,cloud1,1,435938,1,435938,1062,0
183,2.02411E+13,02-01-retrieve,cloud1,1,37926685,1,37926685,73,6
183,2.02411E+13,02-02-slice,cloud1,1,37177070,1,37177070,980,0
183,2.02411E+13,02-03-prepare,cloud1,1,37506463,1,130864394,13360,0
184,2.02411E+13,01-01-retrieve,cloud2,1,472802,1,472802,101,5
184,2.02411E+13,01-02-prepare-and-store,cloud2,1,435938,1,435938,1044,0
184,2.02411E+13,02-01-retrieve,cloud2,1,37926685,1,37926685,86,6
184,2.02411E+13,02-02-slice,cloud2,1,37177070,1,37177070,1003,0
184,2.02411E+13,02-03-prepare,cloud2,1,37506463,1,130864394,13796,0
185,2.02411E+13,01-01-retrieve,cloud3,1,472802,1,472802,118,6
185,2.02411E+13,01-02-prepare-and-store,cloud3,1,435938,1,435938,1093,0
185,2.02411E+13,02-01-retrieve,cloud3,1,37926685,1,37926685,87,5
185,2.02411E+13,02-02-slice,cloud3,1,37177070,1,37177070,1031,0
185,2.02411E+13,02-03-prepare,cloud3,1,37506463,1,130864394,13548,0
186,2.02411E+13,01-01-retrieve,cloud4,1,472802,1,472802,89,5
186,2.02411E+13,01-02-prepare-and-store,cloud4,1,435938,1,435938,1091,0
186,2.02411E+13,02-01-retrieve,cloud4,1,37926685,1,37926685,98,5
186,2.02411E+13,02-02-slice,cloud4,1,37177070,1,37177070,943,0
186,2.02411E+13,02-03-prepare,cloud4,1,37506463,1,130864394,12920,0
187,2.02411E+13,01-01-retrieve,cloud5,1,468706,1,468706,104,6
187,2.02411E+13,01-02-prepare-and-store,cloud5,1,435938,1,435938,1081,0
187,2.02411E+13,02-01-retrieve,cloud5,1,37922589,1,37922589,120,6
187,2.02411E+13,02-02-slice,cloud5,1,37177070,1,37177070,1026,0
187,2.02411E+13,02-03-prepare,cloud5,1,37506463,1,130860298,13378,0
188,2.02411E+13,01-01-retrieve,cloud6,1,472802,1,472802,110,6
188,2.02411E+13,01-02-prepare-and-store,cloud6,1,435938,1,435938,1069,0
188,2.02411E+13,02-01-retrieve,cloud6,1,37926685,1,37926685,120,5
188,2.02411E+13,02-02-slice,cloud6,1,37177070,1,37177070,1015,0
188,2.02411E+13,02-03-prepare,cloud6,1,37506463,1,130864394,13380,0
189,2.02411E+13,01-01-retrieve,cloud7,1,472802,1,472802,111,6
189,2.02411E+13,01-02-prepare-and-store,cloud7,1,435938,1,435938,1061,0
189,2.02411E+13,02-01-retrieve,cloud7,1,37926685,1,37926685,84,6
189,2.02411E+13,02-02-slice,cloud7,1,37177070,1,37177070,1020,0
189,2.02411E+13,02-03-prepare,cloud7,1,37506463,1,130864394,13391,0
190,2.02411E+13,01-01-retrieve,cloud8,1,472802,1,472802,102,6
190,2.02411E+13,01-02-prepare-and-store,cloud8,1,435938,1,435938,1060,0
190,2.02411E+13,02-01-retrieve,cloud8,1,37926685,1,37926685,80,5
190,2.02411E+13,02-02-slice,cloud8,1,37177070,1,37177070,1006,0
190,2.02411E+13,02-03-prepare,cloud8,1,37506463,1,130864394,13378,0
191,2.02411E+13,01-01-retrieve,fog2,1,581172,1,581172,190,6
191,2.02411E+13,01-02-prepare-and-store,fog2,1,527924,1,527924,992,0
191,2.02411E+13,02-01-retrieve,fog2,1,46652783,1,46652783,374,6
191,2.02411E+13,02-02-slice,fog2,1,45749299,1,45749299,957,0
191,2.02411E+13,02-03-prepare,fog2,1,46135666,1,161174037,13309,0
192,2.02411E+13,01-01-retrieve,fog3,1,564788,1,564788,188,5
192,2.02411E+13,01-02-prepare-and-store,fog3,1,527924,1,527924,992,0
192,2.02411E+13,02-01-retrieve,fog3,1,46636399,1,46636399,374,6
192,2.02411E+13,02-02-slice,fog3,1,45749299,1,45749299,956,0
192,2.02411E+13,02-03-prepare,fog3,1,46135666,1,161157653,13306,0
193,2.02411E+13,01-01-retrieve,cloud1,1,564788,1,564788,128,5
193,2.02411E+13,01-02-prepare-and-store,cloud1,1,527924,1,527924,1082,0
193,2.02411E+13,02-01-retrieve,cloud1,1,46636399,1,46636399,92,5
193,2.02411E+13,02-02-slice,cloud1,1,45749299,1,45749299,1072,0
193,2.02411E+13,02-03-prepare,cloud1,1,46135666,1,161157653,14884,0
194,2.02411E+13,01-01-retrieve,cloud2,1,564788,1,564788,106,5
194,2.02411E+13,01-02-prepare-and-store,cloud2,1,527924,1,527924,1054,0
194,2.02411E+13,02-01-retrieve,cloud2,1,46636399,1,46636399,93,6
194,2.02411E+13,02-02-slice,cloud2,1,45749299,1,45749299,1098,0
194,2.02411E+13,02-03-prepare,cloud2,1,46135666,1,161157653,15311,0
195,2.02411E+13,01-01-retrieve,cloud3,1,564788,1,564788,114,5
195,2.02411E+13,01-02-prepare-and-store,cloud3,1,527924,1,527924,1091,0
195,2.02411E+13,02-01-retrieve,cloud3,1,46636399,1,46636399,129,5
195,2.02411E+13,02-02-slice,cloud3,1,45749299,1,45749299,1082,0
195,2.02411E+13,02-03-prepare,cloud3,1,46135666,1,161157653,15020,0
196,2.02411E+13,01-01-retrieve,cloud4,1,564788,1,564788,98,5
196,2.02411E+13,01-02-prepare-and-store,cloud4,1,527924,1,527924,1025,0
196,2.02411E+13,02-01-retrieve,cloud4,1,46636399,1,46636399,102,5
196,2.02411E+13,02-02-slice,cloud4,1,45749299,1,45749299,1012,0
196,2.02411E+13,02-03-prepare,cloud4,1,46135666,1,161157653,14401,0
197,2.02411E+13,01-01-retrieve,cloud5,1,560692,1,560692,116,6
197,2.02411E+13,01-02-prepare-and-store,cloud5,1,527924,1,527924,1068,0
197,2.02411E+13,02-01-retrieve,cloud5,1,46632303,1,46632303,155,6
197,2.02411E+13,02-02-slice,cloud5,1,45749299,1,45749299,1098,0
197,2.02411E+13,02-03-prepare,cloud5,1,46135666,1,161153557,14918,0
198,2.02411E+13,01-01-retrieve,cloud6,1,564788,1,564788,132,6
198,2.02411E+13,01-02-prepare-and-store,cloud6,1,527924,1,527924,1077,0
198,2.02411E+13,02-01-retrieve,cloud6,1,46636399,1,46636399,147,5
198,2.02411E+13,02-02-slice,cloud6,1,45749299,1,45749299,1101,0
198,2.02411E+13,02-03-prepare,cloud6,1,46135666,1,161157653,14881,0
199,2.02411E+13,01-01-retrieve,cloud7,1,564788,1,564788,121,7
199,2.02411E+13,01-02-prepare-and-store,cloud7,1,527924,1,527924,1070,0
199,2.02411E+13,02-01-retrieve,cloud7,1,46636399,1,46636399,91,6
199,2.02411E+13,02-02-slice,cloud7,1,45749299,1,45749299,1120,0
199,2.02411E+13,02-03-prepare,cloud7,1,46135666,1,161157653,14896,0
200,2.02411E+13,01-01-retrieve,cloud8,1,564788,1,564788,113,6
200,2.02411E+13,01-02-prepare-and-store,cloud8,1,527924,1,527924,1055,0
200,2.02411E+13,02-01-retrieve,cloud8,1,46636399,1,46636399,95,5
200,2.02411E+13,02-02-slice,cloud8,1,45749299,1,45749299,1098,0
200,2.02411E+13,02-03-prepare,cloud8,1,46135666,1,161157653,14871,0
201,2.02411E+13,01-01-retrieve,fog2,1,261688,1,261688,226,6
201,2.02411E+13,01-02-prepare-and-store,fog2,1,208440,1,208440,1016,0
201,2.02411E+13,02-01-retrieve,fog2,1,51020666,1,51020666,409,6
201,2.02411E+13,02-02-slice,fog2,1,50390590,1,50390590,1046,0
201,2.02411E+13,02-03-prepare,fog2,1,50834523,1,178738517,13773,0
202,2.02411E+13,01-01-retrieve,fog3,1,245304,1,245304,221,5
202,2.02411E+13,01-02-prepare-and-store,fog3,1,208440,1,208440,985,0
202,2.02411E+13,02-01-retrieve,fog3,1,51004282,1,51004282,409,7
202,2.02411E+13,02-02-slice,fog3,1,50390590,1,50390590,1046,0
202,2.02411E+13,02-03-prepare,fog3,1,50834523,1,178722133,13767,0
203,2.02411E+13,01-01-retrieve,cloud1,1,245304,1,245304,122,6
203,2.02411E+13,01-02-prepare-and-store,cloud1,1,208440,1,208440,1085,0
203,2.02411E+13,02-01-retrieve,cloud1,1,51004282,1,51004282,97,6
203,2.02411E+13,02-02-slice,cloud1,1,50390590,1,50390590,1158,0
203,2.02411E+13,02-03-prepare,cloud1,1,50834523,1,178722133,15889,0
204,2.02411E+13,01-01-retrieve,cloud2,1,245304,1,245304,151,6
204,2.02411E+13,01-02-prepare-and-store,cloud2,1,208440,1,208440,1037,0
204,2.02411E+13,02-01-retrieve,cloud2,1,51004282,1,51004282,109,6
204,2.02411E+13,02-02-slice,cloud2,1,50390590,1,50390590,1158,0
204,2.02411E+13,02-03-prepare,cloud2,1,50834523,1,178722133,16300,0
205,2.02411E+13,01-01-retrieve,cloud3,1,245304,1,245304,123,6
205,2.02411E+13,01-02-prepare-and-store,cloud3,1,208440,1,208440,1136,0
205,2.02411E+13,02-01-retrieve,cloud3,1,51004282,1,51004282,133,5
205,2.02411E+13,02-02-slice,cloud3,1,50390590,1,50390590,1202,0
205,2.02411E+13,02-03-prepare,cloud3,1,50834523,1,178722133,16052,0
206,2.02411E+13,01-01-retrieve,cloud4,1,245304,1,245304,110,6
206,2.02411E+13,01-02-prepare-and-store,cloud4,1,208440,1,208440,1022,0
206,2.02411E+13,02-01-retrieve,cloud4,1,51004282,1,51004282,138,5
206,2.02411E+13,02-02-slice,cloud4,1,50390590,1,50390590,1085,0
206,2.02411E+13,02-03-prepare,cloud4,1,50834523,1,178722133,14916,0
207,2.02411E+13,01-01-retrieve,cloud5,1,241208,1,241208,132,6
207,2.02411E+13,01-02-prepare-and-store,cloud5,1,208440,1,208440,1064,0
207,2.02411E+13,02-01-retrieve,cloud5,1,51000186,1,51000186,156,5
207,2.02411E+13,02-02-slice,cloud5,1,50390590,1,50390590,1178,0
207,2.02411E+13,02-03-prepare,cloud5,1,50834523,1,178718037,15870,0
208,2.02411E+13,01-01-retrieve,cloud6,1,245304,1,245304,141,5
208,2.02411E+13,01-02-prepare-and-store,cloud6,1,208440,1,208440,1062,0
208,2.02411E+13,02-01-retrieve,cloud6,1,51004282,1,51004282,178,5
208,2.02411E+13,02-02-slice,cloud6,1,50390590,1,50390590,1179,0
208,2.02411E+13,02-03-prepare,cloud6,1,50834523,1,178722133,15881,0
209,2.02411E+13,01-01-retrieve,cloud7,1,245304,1,245304,156,6
209,2.02411E+13,01-02-prepare-and-store,cloud7,1,208440,1,208440,1063,0
209,2.02411E+13,02-01-retrieve,cloud7,1,51004282,1,51004282,123,6
209,2.02411E+13,02-02-slice,cloud7,1,50390590,1,50390590,1183,0
209,2.02411E+13,02-03-prepare,cloud7,1,50834523,1,178722133,15904,0
210,2.02411E+13,01-01-retrieve,cloud8,1,245304,1,245304,170,6
210,2.02411E+13,01-02-prepare-and-store,cloud8,1,208440,1,208440,1056,0
210,2.02411E+13,02-01-retrieve,cloud8,1,51004282,1,51004282,99,6
210,2.02411E+13,02-02-slice,cloud8,1,50390590,1,50390590,1175,0
210,2.02411E+13,02-03-prepare,cloud8,1,50834523,1,178722133,15896,0
211,2.02411E+13,01-01-retrieve,fog2,1,713956,1,713956,221,6
211,2.02411E+13,01-02-prepare-and-store,fog2,1,660708,1,660708,977,0
211,2.02411E+13,02-01-retrieve,fog2,1,57826544,1,57826544,465,6
211,2.02411E+13,02-02-slice,fog2,1,56698824,1,56698824,1100,0
211,2.02411E+13,02-03-prepare,fog2,1,57199631,1,200928577,14815,0
212,2.02411E+13,01-01-retrieve,fog3,1,697572,1,697572,244,7
212,2.02411E+13,01-02-prepare-and-store,fog3,1,660708,1,660708,978,0
212,2.02411E+13,02-01-retrieve,fog3,1,57810160,1,57810160,466,6
212,2.02411E+13,02-02-slice,fog3,1,56698824,1,56698824,1085,0
212,2.02411E+13,02-03-prepare,fog3,1,57199631,1,200912193,14801,0
213,2.02411E+13,01-01-retrieve,cloud1,1,697572,1,697572,130,5
213,2.02411E+13,01-02-prepare-and-store,cloud1,1,660708,1,660708,1014,0
213,2.02411E+13,02-01-retrieve,cloud1,1,57810160,1,57810160,115,6
213,2.02411E+13,02-02-slice,cloud1,1,56698824,1,56698824,1208,0
213,2.02411E+13,02-03-prepare,cloud1,1,57199631,1,200912193,16865,0
214,2.02411E+13,01-01-retrieve,cloud2,1,697572,1,697572,139,5
214,2.02411E+13,01-02-prepare-and-store,cloud2,1,660708,1,660708,1044,0
214,2.02411E+13,02-01-retrieve,cloud2,1,57810160,1,57810160,108,5
214,2.02411E+13,02-02-slice,cloud2,1,56698824,1,56698824,1269,0
214,2.02411E+13,02-03-prepare,cloud2,1,57199631,1,200912193,17802,0
215,2.02411E+13,01-01-retrieve,cloud3,1,697572,1,697572,124,5
215,2.02411E+13,01-02-prepare-and-store,cloud3,1,660708,1,660708,1101,0
215,2.02411E+13,02-01-retrieve,cloud3,1,57810160,1,57810160,161,5
215,2.02411E+13,02-02-slice,cloud3,1,56698824,1,56698824,1253,0
215,2.02411E+13,02-03-prepare,cloud3,1,57199631,1,200912193,17092,0
216,2.02411E+13,01-01-retrieve,cloud4,1,697572,1,697572,121,5
216,2.02411E+13,01-02-prepare-and-store,cloud4,1,660708,1,660708,1032,0
216,2.02411E+13,02-01-retrieve,cloud4,1,57810160,1,57810160,141,5
216,2.02411E+13,02-02-slice,cloud4,1,56698824,1,56698824,1205,0
216,2.02411E+13,02-03-prepare,cloud4,1,57199631,1,200912193,16415,0
217,2.02411E+13,01-01-retrieve,cloud5,1,693476,1,693476,159,7
217,2.02411E+13,01-02-prepare-and-store,cloud5,1,660708,1,660708,1055,0
217,2.02411E+13,02-01-retrieve,cloud5,1,57806064,1,57806064,175,6
217,2.02411E+13,02-02-slice,cloud5,1,56698824,1,56698824,1266,0
217,2.02411E+13,02-03-prepare,cloud5,1,57199631,1,200908097,16924,0
218,2.02411E+13,01-01-retrieve,cloud6,1,697572,1,697572,161,6
218,2.02411E+13,01-02-prepare-and-store,cloud6,1,660708,1,660708,1057,0
218,2.02411E+13,02-01-retrieve,cloud6,1,57810160,1,57810160,176,6
218,2.02411E+13,02-02-slice,cloud6,1,56698824,1,56698824,1254,0
218,2.02411E+13,02-03-prepare,cloud6,1,57199631,1,200912193,16909,0
219,2.02411E+13,01-01-retrieve,cloud7,1,697572,1,697572,167,6
219,2.02411E+13,01-02-prepare-and-store,cloud7,1,660708,1,660708,1069,0
219,2.02411E+13,02-01-retrieve,cloud7,1,57810160,1,57810160,123,6
219,2.02411E+13,02-02-slice,cloud7,1,56698824,1,56698824,1268,0
219,2.02411E+13,02-03-prepare,cloud7,1,57199631,1,200912193,16918,0
220,2.02411E+13,01-01-retrieve,cloud8,1,697572,1,697572,149,6
220,2.02411E+13,01-02-prepare-and-store,cloud8,1,660708,1,660708,1054,0
220,2.02411E+13,02-01-retrieve,cloud8,1,57810160,1,57810160,110,6
220,2.02411E+13,02-02-slice,cloud8,1,56698824,1,56698824,1283,0
220,2.02411E+13,02-03-prepare,cloud8,1,57199631,1,200912193,17341,0
221,2.02411E+13,01-01-retrieve,fog2,1,571732,1,571732,271,6
221,2.02411E+13,01-02-prepare-and-store,fog2,1,518484,1,518484,981,0
221,2.02411E+13,02-01-retrieve,fog2,1,65608447,1,65608447,527,7
221,2.02411E+13,02-02-slice,fog2,1,64577284,1,64577284,1188,0
221,2.02411E+13,02-03-prepare,fog2,1,65127049,1,227064550,15268,0
222,2.02411E+13,01-01-retrieve,fog3,1,555348,1,555348,252,6
222,2.02411E+13,01-02-prepare-and-store,fog3,1,518484,1,518484,997,0
222,2.02411E+13,02-01-retrieve,fog3,1,65592063,1,65592063,528,5
222,2.02411E+13,02-02-slice,fog3,1,64577284,1,64577284,1169,0
222,2.02411E+13,02-03-prepare,fog3,1,65127049,1,227048166,15774,0
223,2.02411E+13,01-01-retrieve,cloud1,1,555348,1,555348,161,6
223,2.02411E+13,01-02-prepare-and-store,cloud1,1,518484,1,518484,1082,0
223,2.02411E+13,02-01-retrieve,cloud1,1,65592063,1,65592063,146,6
223,2.02411E+13,02-02-slice,cloud1,1,64577284,1,64577284,1304,0
223,2.02411E+13,02-03-prepare,cloud1,1,65127049,1,227048166,18406,0
224,2.02411E+13,01-01-retrieve,cloud2,1,555348,1,555348,148,5
224,2.02411E+13,01-02-prepare-and-store,cloud2,1,518484,1,518484,1036,0
224,2.02411E+13,02-01-retrieve,cloud2,1,65592063,1,65592063,141,5
224,2.02411E+13,02-02-slice,cloud2,1,64577284,1,64577284,1336,0
224,2.02411E+13,02-03-prepare,cloud2,1,65127049,1,227048166,18817,0
225,2.02411E+13,01-01-retrieve,cloud3,1,555348,1,555348,160,6
225,2.02411E+13,01-02-prepare-and-store,cloud3,1,518484,1,518484,1140,0
225,2.02411E+13,02-01-retrieve,cloud3,1,65592063,1,65592063,145,6
225,2.02411E+13,02-02-slice,cloud3,1,64577284,1,64577284,1339,0
225,2.02411E+13,02-03-prepare,cloud3,1,65127049,1,227048166,18540,0
226,2.02411E+13,01-01-retrieve,cloud4,1,555348,1,555348,132,5
226,2.02411E+13,01-02-prepare-and-store,cloud4,1,518484,1,518484,1024,0
226,2.02411E+13,02-01-retrieve,cloud4,1,65592063,1,65592063,142,5
226,2.02411E+13,02-02-slice,cloud4,1,64577284,1,64577284,1276,0
226,2.02411E+13,02-03-prepare,cloud4,1,65127049,1,227048166,17430,0
227,2.02411E+13,01-01-retrieve,cloud5,1,551252,1,551252,169,6
227,2.02411E+13,01-02-prepare-and-store,cloud5,1,518484,1,518484,1056,0
227,2.02411E+13,02-01-retrieve,cloud5,1,65587967,1,65587967,198,5
227,2.02411E+13,02-02-slice,cloud5,1,64577284,1,64577284,1333,0
227,2.02411E+13,02-03-prepare,cloud5,1,65127049,1,227044070,17913,0
228,2.02411E+13,01-01-retrieve,cloud6,1,555348,1,555348,169,6
228,2.02411E+13,01-02-prepare-and-store,cloud6,1,518484,1,518484,1077,0
228,2.02411E+13,02-01-retrieve,cloud6,1,65592063,1,65592063,201,5
228,2.02411E+13,02-02-slice,cloud6,1,64577284,1,64577284,1331,0
228,2.02411E+13,02-03-prepare,cloud6,1,65127049,1,227048166,18409,0
229,2.02411E+13,01-01-retrieve,cloud7,1,555348,1,555348,187,6
229,2.02411E+13,01-02-prepare-and-store,cloud7,1,518484,1,518484,1055,0
229,2.02411E+13,02-01-retrieve,cloud7,1,65592063,1,65592063,125,5
229,2.02411E+13,02-02-slice,cloud7,1,64577284,1,64577284,1337,0
229,2.02411E+13,02-03-prepare,cloud7,1,65127049,1,227048166,17925,0
230,2.02411E+13,01-01-retrieve,cloud8,1,555348,1,555348,169,6
230,2.02411E+13,01-02-prepare-and-store,cloud8,1,518484,1,518484,1052,0
230,2.02411E+13,02-01-retrieve,cloud8,1,65592063,1,65592063,162,7
230,2.02411E+13,02-02-slice,cloud8,1,64577284,1,64577284,1367,0
230,2.02411E+13,02-03-prepare,cloud8,1,65127049,1,227048166,18404,0
231,2.02411E+13,01-01-retrieve,fog2,1,405000,1,405000,254,6
231,2.02411E+13,01-02-prepare-and-store,fog2,1,351752,1,351752,982,0
231,2.02411E+13,02-01-retrieve,fog2,1,71097732,1,71097732,568,6
231,2.02411E+13,02-02-slice,fog2,1,70187352,1,70187352,1260,0
231,2.02411E+13,02-03-prepare,fog2,1,70786385,1,249579854,16795,0
232,2.02411E+13,01-01-retrieve,fog3,1,388616,1,388616,285,6
232,2.02411E+13,01-02-prepare-and-store,fog3,1,351752,1,351752,978,0
232,2.02411E+13,02-01-retrieve,fog3,1,71081348,1,71081348,568,7
232,2.02411E+13,02-02-slice,fog3,1,70187352,1,70187352,1246,0
232,2.02411E+13,02-03-prepare,fog3,1,70786385,1,249563470,16774,0
233,2.02411E+13,01-01-retrieve,cloud1,1,388616,1,388616,193,6
233,2.02411E+13,01-02-prepare-and-store,cloud1,1,351752,1,351752,1097,0
233,2.02411E+13,02-01-retrieve,cloud1,1,71081348,1,71081348,134,6
233,2.02411E+13,02-02-slice,cloud1,1,70187352,1,70187352,1401,0
233,2.02411E+13,02-03-prepare,cloud1,1,70786385,1,249563470,19423,0
234,2.02411E+13,01-01-retrieve,cloud2,1,388616,1,388616,172,6
234,2.02411E+13,01-02-prepare-and-store,cloud2,1,351752,1,351752,1030,0
234,2.02411E+13,02-01-retrieve,cloud2,1,71081348,1,71081348,136,5
234,2.02411E+13,02-02-slice,cloud2,1,70187352,1,70187352,1410,0
234,2.02411E+13,02-03-prepare,cloud2,1,70786385,1,249563470,19820,0
235,2.02411E+13,01-01-retrieve,cloud3,1,388616,1,388616,155,5
235,2.02411E+13,01-02-prepare-and-store,cloud3,1,351752,1,351752,1126,0
235,2.02411E+13,02-01-retrieve,cloud3,1,71081348,1,71081348,189,5
235,2.02411E+13,02-02-slice,cloud3,1,70187352,1,70187352,1399,0
235,2.02411E+13,02-03-prepare,cloud3,1,70786385,1,249563470,19549,0
236,2.02411E+13,01-01-retrieve,cloud4,1,388616,1,388616,150,5
236,2.02411E+13,01-02-prepare-and-store,cloud4,1,351752,1,351752,1030,0
236,2.02411E+13,02-01-retrieve,cloud4,1,71081348,1,71081348,152,5
236,2.02411E+13,02-02-slice,cloud4,1,70187352,1,70187352,1374,0
236,2.02411E+13,02-03-prepare,cloud4,1,70786385,1,249563470,18420,0
237,2.02411E+13,01-01-retrieve,cloud5,1,384520,1,384520,186,6
237,2.02411E+13,01-02-prepare-and-store,cloud5,1,351752,1,351752,1059,0
237,2.02411E+13,02-01-retrieve,cloud5,1,71077252,1,71077252,216,7
237,2.02411E+13,02-02-slice,cloud5,1,70187352,1,70187352,1440,0
237,2.02411E+13,02-03-prepare,cloud5,1,70786385,1,249559374,19431,0
238,2.02411E+13,01-01-retrieve,cloud6,1,388616,1,388616,196,6
238,2.02411E+13,01-02-prepare-and-store,cloud6,1,351752,1,351752,1052,0
238,2.02411E+13,02-01-retrieve,cloud6,1,71081348,1,71081348,231,6
238,2.02411E+13,02-02-slice,cloud6,1,70187352,1,70187352,1424,0
238,2.02411E+13,02-03-prepare,cloud6,1,70786385,1,249563470,19371,0
239,2.02411E+13,01-01-retrieve,cloud7,1,388616,1,388616,213,6
239,2.02411E+13,01-02-prepare-and-store,cloud7,1,351752,1,351752,1129,0
239,2.02411E+13,02-01-retrieve,cloud7,1,71081348,1,71081348,156,7
239,2.02411E+13,02-02-slice,cloud7,1,70187352,1,70187352,1488,0
239,2.02411E+13,02-03-prepare,cloud7,1,70786385,1,249563470,20499,0
240,2.02411E+13,01-01-retrieve,cloud8,1,388616,1,388616,178,6
240,2.02411E+13,01-02-prepare-and-store,cloud8,1,351752,1,351752,1054,0
240,2.02411E+13,02-01-retrieve,cloud8,1,71081348,1,71081348,140,6
240,2.02411E+13,02-02-slice,cloud8,1,70187352,1,70187352,1421,0
240,2.02411E+13,02-03-prepare,cloud8,1,70786385,1,249563470,19415,0
241,2.02411E+13,01-01-retrieve,fog2,1,732753,1,732753,355,6
241,2.02411E+13,01-02-prepare-and-store,fog2,1,679505,1,679505,984,0
241,2.02411E+13,02-01-retrieve,fog2,1,84281790,1,84281790,671,7
241,2.02411E+13,02-02-slice,fog2,1,82952801,1,82952801,1377,0
241,2.02411E+13,02-03-prepare,fog2,1,83669767,1,294270158,18279,0
242,2.02411E+13,01-01-retrieve,fog3,1,716369,1,716369,321,6
242,2.02411E+13,01-02-prepare-and-store,fog3,1,679505,1,679505,987,0
242,2.02411E+13,02-01-retrieve,fog3,1,84265406,1,84265406,672,6
242,2.02411E+13,02-02-slice,fog3,1,82952801,1,82952801,1393,0
242,2.02411E+13,02-03-prepare,fog3,1,83669767,1,294253774,18276,0
243,2.02411E+13,01-01-retrieve,cloud1,1,716369,1,716369,202,5
243,2.02411E+13,01-02-prepare-and-store,cloud1,1,679505,1,679505,1060,0
243,2.02411E+13,02-01-retrieve,cloud1,1,84265406,1,84265406,156,6
243,2.02411E+13,02-02-slice,cloud1,1,82952801,1,82952801,1514,0
243,2.02411E+13,02-03-prepare,cloud1,1,83669767,1,294253774,21915,0
244,2.02411E+13,01-01-retrieve,cloud2,1,716369,1,716369,189,5
244,2.02411E+13,01-02-prepare-and-store,cloud2,1,679505,1,679505,1029,0
244,2.02411E+13,02-01-retrieve,cloud2,1,84265406,1,84265406,156,6
244,2.02411E+13,02-02-slice,cloud2,1,82952801,1,82952801,1572,0
244,2.02411E+13,02-03-prepare,cloud2,1,83669767,1,294253774,22320,0
245,2.02411E+13,01-01-retrieve,cloud3,1,716369,1,716369,202,5
245,2.02411E+13,01-02-prepare-and-store,cloud3,1,679505,1,679505,1096,0
245,2.02411E+13,02-01-retrieve,cloud3,1,84265406,1,84265406,230,6
245,2.02411E+13,02-02-slice,cloud3,1,82952801,1,82952801,1616,0
245,2.02411E+13,02-03-prepare,cloud3,1,83669767,1,294253774,22063,0
246,2.02411E+13,01-01-retrieve,cloud4,1,716369,1,716369,193,5
246,2.02411E+13,01-02-prepare-and-store,cloud4,1,679505,1,679505,1039,0
246,2.02411E+13,02-01-retrieve,cloud4,1,84265406,1,84265406,198,6
246,2.02411E+13,02-02-slice,cloud4,1,82952801,1,82952801,1461,0
246,2.02411E+13,02-03-prepare,cloud4,1,83669767,1,294253774,20395,0
247,2.02411E+13,01-01-retrieve,cloud5,1,712273,1,712273,218,6
247,2.02411E+13,01-02-prepare-and-store,cloud5,1,679505,1,679505,1065,0
247,2.02411E+13,02-01-retrieve,cloud5,1,84261310,1,84261310,255,7
247,2.02411E+13,02-02-slice,cloud5,1,82952801,1,82952801,1620,0
247,2.02411E+13,02-03-prepare,cloud5,1,83669767,1,294249678,21920,0
248,2.02411E+13,01-01-retrieve,cloud6,1,716369,1,716369,212,6
248,2.02411E+13,01-02-prepare-and-store,cloud6,1,679505,1,679505,1054,0
248,2.02411E+13,02-01-retrieve,cloud6,1,84265406,1,84265406,273,6
248,2.02411E+13,02-02-slice,cloud6,1,82952801,1,82952801,1590,0
248,2.02411E+13,02-03-prepare,cloud6,1,83669767,1,294253774,21399,0
249,2.02411E+13,01-01-retrieve,cloud7,1,716369,1,716369,236,6
249,2.02411E+13,01-02-prepare-and-store,cloud7,1,679505,1,679505,1052,0
249,2.02411E+13,02-01-retrieve,cloud7,1,84265406,1,84265406,185,6
249,2.02411E+13,02-02-slice,cloud7,1,82952801,1,82952801,1592,0
249,2.02411E+13,02-03-prepare,cloud7,1,83669767,1,294253774,21413,0
250,2.02411E+13,01-01-retrieve,cloud8,1,716369,1,716369,221,6
250,2.02411E+13,01-02-prepare-and-store,cloud8,1,679505,1,679505,1055,0
250,2.02411E+13,02-01-retrieve,cloud8,1,84265406,1,84265406,180,6
250,2.02411E+13,02-02-slice,cloud8,1,82952801,1,82952801,1568,0
250,2.02411E+13,02-03-prepare,cloud8,1,83669767,1,294253774,21425,0
251,2.02411E+13,01-01-retrieve,fog2,1,194194,1,194194,354,7
251,2.02411E+13,01-02-prepare-and-store,fog2,1,140946,1,140946,983,0
251,2.02411E+13,02-01-retrieve,fog2,1,97391574,1,97391574,777,7
251,2.02411E+13,02-02-slice,fog2,1,96509287,1,96509287,1529,0
251,2.02411E+13,02-03-prepare,fog2,1,97336974,1,340595962,20317,0
252,2.02411E+13,01-01-retrieve,fog3,1,177810,1,177810,356,6
252,2.02411E+13,01-02-prepare-and-store,fog3,1,140946,1,140946,1002,0
252,2.02411E+13,02-01-retrieve,fog3,1,97375190,1,97375190,777,7
252,2.02411E+13,02-02-slice,fog3,1,96509287,1,96509287,1539,0
252,2.02411E+13,02-03-prepare,fog3,1,97336974,1,340579578,20320,0
253,2.02411E+13,01-01-retrieve,cloud1,1,177810,1,177810,232,5
253,2.02411E+13,01-02-prepare-and-store,cloud1,1,140946,1,140946,1058,0
253,2.02411E+13,02-01-retrieve,cloud1,1,97375190,1,97375190,181,5
253,2.02411E+13,02-02-slice,cloud1,1,96509287,1,96509287,1649,0
253,2.02411E+13,02-03-prepare,cloud1,1,97336974,1,340579578,23898,0
254,2.02411E+13,01-01-retrieve,cloud2,1,177810,1,177810,236,6
254,2.02411E+13,01-02-prepare-and-store,cloud2,1,140946,1,140946,1053,0
254,2.02411E+13,02-01-retrieve,cloud2,1,97375190,1,97375190,210,5
254,2.02411E+13,02-02-slice,cloud2,1,96509287,1,96509287,1739,0
254,2.02411E+13,02-03-prepare,cloud2,1,97336974,1,340579578,24293,0
255,2.02411E+13,01-01-retrieve,cloud3,1,177810,1,177810,235,5
255,2.02411E+13,01-02-prepare-and-store,cloud3,1,140946,1,140946,1088,0
255,2.02411E+13,02-01-retrieve,cloud3,1,97375190,1,97375190,243,6
255,2.02411E+13,02-02-slice,cloud3,1,96509287,1,96509287,1667,0
255,2.02411E+13,02-03-prepare,cloud3,1,97336974,1,340579578,24080,0
256,2.02411E+13,01-01-retrieve,cloud4,1,177810,1,177810,201,5
256,2.02411E+13,01-02-prepare-and-store,cloud4,1,140946,1,140946,1029,0
256,2.02411E+13,02-01-retrieve,cloud4,1,97375190,1,97375190,234,6
256,2.02411E+13,02-02-slice,cloud4,1,96509287,1,96509287,1629,0
256,2.02411E+13,02-03-prepare,cloud4,1,97336974,1,340579578,22939,0
257,2.02411E+13,01-01-retrieve,cloud5,1,173714,1,173714,248,6
257,2.02411E+13,01-02-prepare-and-store,cloud5,1,140946,1,140946,1060,0
257,2.02411E+13,02-01-retrieve,cloud5,1,97371094,1,97371094,294,7
257,2.02411E+13,02-02-slice,cloud5,1,96509287,1,96509287,1769,0
257,2.02411E+13,02-03-prepare,cloud5,1,97336974,1,340575482,23955,0
258,2.02411E+13,01-01-retrieve,cloud6,1,177810,1,177810,246,6
258,2.02411E+13,01-02-prepare-and-store,cloud6,1,140946,1,140946,1064,0
258,2.02411E+13,02-01-retrieve,cloud6,1,97375190,1,97375190,298,5
258,2.02411E+13,02-02-slice,cloud6,1,96509287,1,96509287,1763,0
258,2.02411E+13,02-03-prepare,cloud6,1,97336974,1,340579578,23964,0
259,2.02411E+13,01-01-retrieve,cloud7,1,177810,1,177810,289,5
259,2.02411E+13,01-02-prepare-and-store,cloud7,1,140946,1,140946,1057,0
259,2.02411E+13,02-01-retrieve,cloud7,1,97375190,1,97375190,192,5
259,2.02411E+13,02-02-slice,cloud7,1,96509287,1,96509287,1748,0
259,2.02411E+13,02-03-prepare,cloud7,1,97336974,1,340579578,23421,0
260,2.02411E+13,01-01-retrieve,cloud8,1,177810,1,177810,241,5
260,2.02411E+13,01-02-prepare-and-store,cloud8,1,140946,1,140946,1048,0
260,2.02411E+13,02-01-retrieve,cloud8,1,97375190,1,97375190,196,6
260,2.02411E+13,02-02-slice,cloud8,1,96509287,1,96509287,1742,0
260,2.02411E+13,02-03-prepare,cloud8,1,97336974,1,340579578,23946,0
