DRY_RUN_ID,CURRENT_TIMESTAMP,STEP_NAME,RESOURCE_NAME,MAX_CPU,AVG_CPU,MAX_MEM
112,2.02411E+13,01-01-retrieve,fog3,9.9,3.3,21.75
112,2.02411E+13,01-02-prepare-and-store,fog3,25.9,6.475,77.891
112,2.02411E+13,02-01-retrieve,fog3,29.7,11.3071,15.75
112,2.02411E+13,02-02-slice,fog3,99.8,49.85,80.328
112,2.02411E+13,02-03-prepare,fog3,101.8,70.7536,106.84
113,2.02411E+13,01-01-retrieve,cloud1,9.9,1.65,9.25
113,2.02411E+13,01-02-prepare-and-store,cloud1,41.9,10.475,78.414
113,2.02411E+13,02-01-retrieve,cloud1,88.8,29.55,18.875
113,2.02411E+13,02-02-slice,cloud1,99.6,49.8,80.227
113,2.02411E+13,02-03-prepare,cloud1,101.7,74.0215,106.461
114,2.02411E+13,01-01-retrieve,cloud2,9.9,1.65,12.5
114,2.02411E+13,01-02-prepare-and-store,cloud2,37.9,9.475,78.301
114,2.02411E+13,02-01-retrieve,cloud2,98.5,31.1667,22.125
114,2.02411E+13,02-02-slice,cloud2,101.7,56.6857,79.801
114,2.02411E+13,02-03-prepare,cloud2,159.5,78.8149,106.449
115,2.02411E+13,01-01-retrieve,cloud3,9.9,2.82857,22.75
115,2.02411E+13,01-02-prepare-and-store,cloud3,51.8,12.95,77.918
115,2.02411E+13,02-01-retrieve,cloud3,96.3,37.5429,20.75
115,2.02411E+13,02-02-slice,cloud3,99.6,49.4667,79.938
115,2.02411E+13,02-03-prepare,cloud3,101.7,75.4894,106.309
116,2.02411E+13,01-01-retrieve,cloud4,9.9,3.3,21.125
116,2.02411E+13,01-02-prepare-and-store,cloud4,41.9,10.475,77.895
116,2.02411E+13,02-01-retrieve,cloud4,98.6,45.9833,22.5
116,2.02411E+13,02-02-slice,cloud4,99.6,49.8,79.914
116,2.02411E+13,02-03-prepare,cloud4,101.7,72.7902,106.727
117,2.02411E+13,01-01-retrieve,cloud5,9.9,4.24286,23
117,2.02411E+13,01-02-prepare-and-store,cloud5,47.9,11.975,77.516
117,2.02411E+13,02-01-retrieve,cloud5,108.4,44.375,23.125
117,2.02411E+13,02-02-slice,cloud5,101.6,56.3714,79.625
117,2.02411E+13,02-03-prepare,cloud5,101.7,75.1185,105.547
118,2.02411E+13,01-01-retrieve,cloud6,19.8,5.65714,21.875
118,2.02411E+13,01-02-prepare-and-store,cloud6,47.9,11.975,77.637
118,2.02411E+13,02-01-retrieve,cloud6,96.6,37.5857,14.5
118,2.02411E+13,02-02-slice,cloud6,99.7,56.6857,79.973
118,2.02411E+13,02-03-prepare,cloud6,101.8,74.68,105.961
119,2.02411E+13,01-01-retrieve,cloud7,9.9,4.24286,15.125
119,2.02411E+13,01-02-prepare-and-store,cloud7,47.8,11.95,77.48
119,2.02411E+13,02-01-retrieve,cloud7,108.9,43.7857,23.125
119,2.02411E+13,02-02-slice,cloud7,101.7,56.6714,79.734
119,2.02411E+13,02-03-prepare,cloud7,101.7,75.1754,105.879
120,2.02411E+13,01-01-retrieve,cloud8,19.8,4.24286,14.625
120,2.02411E+13,01-02-prepare-and-store,cloud8,55.8,13.95,77.781
120,2.02411E+13,02-01-retrieve,cloud8,98.8,31.2667,14.25
120,2.02411E+13,02-02-slice,cloud8,101.7,56.6857,79.613
120,2.02411E+13,02-03-prepare,cloud8,101.7,75.2938,105.781
121,2.02411E+13,01-01-retrieve,fog2,9.9,3.3,14.875
121,2.02411E+13,01-02-prepare-and-store,fog2,23.9,5.975,77.973
121,2.02411E+13,02-01-retrieve,fog2,29.7,13.8467,14.25
121,2.02411E+13,02-02-slice,fog2,99.8,49.8667,81.414
121,2.02411E+13,02-03-prepare,fog2,101.8,72.3017,106.145
122,2.02411E+13,01-01-retrieve,fog3,9.9,3.3,15.125
122,2.02411E+13,01-02-prepare-and-store,fog3,19.9,4.975,77.93
122,2.02411E+13,02-01-retrieve,fog3,29.7,12.5333,14.25
122,2.02411E+13,02-02-slice,fog3,101.7,49.8667,80.738
122,2.02411E+13,02-03-prepare,fog3,119.7,73.8203,105.816
123,2.02411E+13,01-01-retrieve,cloud1,9.9,2.82857,20.875
123,2.02411E+13,01-02-prepare-and-store,cloud1,33.9,8.475,77.824
123,2.02411E+13,02-01-retrieve,cloud1,98.9,31.2833,14.875
123,2.02411E+13,02-02-slice,cloud1,101.6,49.8,80.992
123,2.02411E+13,02-03-prepare,cloud1,101.7,75.9957,105.816
124,2.02411E+13,01-01-retrieve,cloud2,9.9,2.82857,21.875
124,2.02411E+13,01-02-prepare-and-store,cloud2,25.9,6.475,77.863
124,2.02411E+13,02-01-retrieve,cloud2,98.7,31.2833,12.875
124,2.02411E+13,02-02-slice,cloud2,101.6,56.9286,82.027
124,2.02411E+13,02-03-prepare,cloud2,101.7,77.3028,105.602
125,2.02411E+13,01-01-retrieve,cloud3,9.9,2.82857,22.625
125,2.02411E+13,01-02-prepare-and-store,cloud3,57.6,11.52,78.035
125,2.02411E+13,02-01-retrieve,cloud3,106.6,41.6571,14.625
125,2.02411E+13,02-02-slice,cloud3,101.6,56.9143,80.621
125,2.02411E+13,02-03-prepare,cloud3,101.7,76.2014,106.445
126,2.02411E+13,01-01-retrieve,cloud4,9.9,3.3,15.125
126,2.02411E+13,01-02-prepare-and-store,cloud4,31.9,7.975,77.926
126,2.02411E+13,02-01-retrieve,cloud4,98.8,32.25,14.75
126,2.02411E+13,02-02-slice,cloud4,99.7,56.6714,80.762
126,2.02411E+13,02-03-prepare,cloud4,101.7,75.0182,105.863
127,2.02411E+13,01-01-retrieve,cloud5,19.8,5.65714,15.25
127,2.02411E+13,01-02-prepare-and-store,cloud5,41.9,10.475,77.918
127,2.02411E+13,02-01-retrieve,cloud5,88.7,40.65,20.5
127,2.02411E+13,02-02-slice,cloud5,101.6,56.6571,81.203
127,2.02411E+13,02-03-prepare,cloud5,101.7,75.8159,106.023
128,2.02411E+13,01-01-retrieve,cloud6,9.9,4.24286,11
128,2.02411E+13,01-02-prepare-and-store,cloud6,35.9,8.975,77.852
128,2.02411E+13,02-01-retrieve,cloud6,100.8,46,22.25
128,2.02411E+13,02-02-slice,cloud6,101.7,56.9714,81.07
128,2.02411E+13,02-03-prepare,cloud6,101.7,75.8449,105.648
129,2.02411E+13,01-01-retrieve,cloud7,9.9,4.24286,9.25
129,2.02411E+13,01-02-prepare-and-store,cloud7,39.9,9.975,77.781
129,2.02411E+13,02-01-retrieve,cloud7,109,42.2429,9.75
129,2.02411E+13,02-02-slice,cloud7,101.6,56.6714,81.68
129,2.02411E+13,02-03-prepare,cloud7,101.7,75.7014,105.578
130,2.02411E+13,01-01-retrieve,cloud8,9.9,4.24286,20.625
130,2.02411E+13,01-02-prepare-and-store,cloud8,37.9,9.475,77.898
130,2.02411E+13,02-01-retrieve,cloud8,98.5,32.8333,14.375
130,2.02411E+13,02-02-slice,cloud8,99.8,56.6857,82.02
130,2.02411E+13,02-03-prepare,cloud8,101.7,76.6114,105.59
131,2.02411E+13,01-01-retrieve,fog2,,0,18.875
131,2.02411E+13,01-02-prepare-and-store,fog2,27.9,6.975,78.082
131,2.02411E+13,02-01-retrieve,fog2,9.9,2.475,22.75
131,2.02411E+13,02-02-slice,fog2,,0,60.145
131,2.02411E+13,02-03-prepare,fog2,101.7,23.0947,89.074
132,2.02411E+13,01-01-retrieve,fog3,,0,20.5
132,2.02411E+13,01-02-prepare-and-store,fog3,33.9,8.475,77.98
132,2.02411E+13,02-01-retrieve,fog3,9.9,2.475,22.75
132,2.02411E+13,02-02-slice,fog3,,0,60.027
132,2.02411E+13,02-03-prepare,fog3,101.7,24.0316,89.039
133,2.02411E+13,01-01-retrieve,cloud1,,0,22
133,2.02411E+13,01-02-prepare-and-store,cloud1,47.9,11.975,78.094
133,2.02411E+13,02-01-retrieve,cloud1,,0,22.742
133,2.02411E+13,02-02-slice,cloud1,,0,54.648
133,2.02411E+13,02-03-prepare,cloud1,101.6,26.2211,89.398
134,2.02411E+13,01-01-retrieve,cloud2,,0,22.875
134,2.02411E+13,01-02-prepare-and-store,cloud2,45.9,11.475,77.938
134,2.02411E+13,02-01-retrieve,cloud2,,0,22.875
134,2.02411E+13,02-02-slice,cloud2,,0,55.645
134,2.02411E+13,02-03-prepare,cloud2,101.7,29.015,88.77
135,2.02411E+13,01-01-retrieve,cloud3,,0,21.5
135,2.02411E+13,01-02-prepare-and-store,cloud3,59.8,14.95,78.086
135,2.02411E+13,02-01-retrieve,cloud3,,0,22
135,2.02411E+13,02-02-slice,cloud3,,0,54.582
135,2.02411E+13,02-03-prepare,cloud3,101.6,26.4714,90.176
136,2.02411E+13,01-01-retrieve,cloud4,,0,22.875
136,2.02411E+13,01-02-prepare-and-store,cloud4,41.9,10.475,78.238
136,2.02411E+13,02-01-retrieve,cloud4,,0,23.375
136,2.02411E+13,02-02-slice,cloud4,,0,48.781
136,2.02411E+13,02-03-prepare,cloud4,101.6,26.2263,90.277
137,2.02411E+13,01-01-retrieve,cloud5,,0,20.75
137,2.02411E+13,01-02-prepare-and-store,cloud5,49.8,12.45,78.105
137,2.02411E+13,02-01-retrieve,cloud5,,0,21.5
137,2.02411E+13,02-02-slice,cloud5,,0,48.742
137,2.02411E+13,02-03-prepare,cloud5,101.6,28.975,88.855
138,2.02411E+13,01-01-retrieve,cloud6,,0,20.875
138,2.02411E+13,01-02-prepare-and-store,cloud6,49.8,12.45,77.984
138,2.02411E+13,02-01-retrieve,cloud6,,0,20.625
138,2.02411E+13,02-02-slice,cloud6,,0,47.867
138,2.02411E+13,02-03-prepare,cloud6,101.7,27.5,89.82
139,2.02411E+13,01-01-retrieve,cloud7,,0,20.875
139,2.02411E+13,01-02-prepare-and-store,cloud7,53.8,13.45,78.125
139,2.02411E+13,02-01-retrieve,cloud7,,0,22.25
139,2.02411E+13,02-02-slice,cloud7,,0,48.641
139,2.02411E+13,02-03-prepare,cloud7,99.6,26.1,89.809
140,2.02411E+13,01-01-retrieve,cloud8,,0,21
140,2.02411E+13,01-02-prepare-and-store,cloud8,51.8,12.95,77.773
140,2.02411E+13,02-01-retrieve,cloud8,,0,22
140,2.02411E+13,02-02-slice,cloud8,,0,49.266
140,2.02411E+13,02-03-prepare,cloud8,99.7,27.91,90.465
141,2.02411E+13,01-01-retrieve,fog2,19.8,3.96,23
141,2.02411E+13,01-02-prepare-and-store,fog2,43.9,10.975,78.207
141,2.02411E+13,02-01-retrieve,fog2,29.7,14.2188,11.375
141,2.02411E+13,02-02-slice,fog2,99.7,42.7143,81.871
141,2.02411E+13,02-03-prepare,fog2,101.8,74.2578,106.09
142,2.02411E+13,01-01-retrieve,fog3,9.9,3.96,22.875
142,2.02411E+13,01-02-prepare-and-store,fog3,37.9,9.475,77.906
142,2.02411E+13,02-01-retrieve,fog3,19.8,12.3688,12.125
142,2.02411E+13,02-02-slice,fog3,101.8,56.4429,81.871
142,2.02411E+13,02-03-prepare,fog3,101.8,75.4571,106.738
143,2.02411E+13,01-01-retrieve,cloud1,9.9,2.82857,16.125
143,2.02411E+13,01-02-prepare-and-store,cloud1,61.8,15.45,78.684
143,2.02411E+13,02-01-retrieve,cloud1,98.5,31.1667,10
143,2.02411E+13,02-02-slice,cloud1,101.7,56.9571,82.609
143,2.02411E+13,02-03-prepare,cloud1,101.8,78.596,105.957
144,2.02411E+13,01-01-retrieve,cloud2,9.9,2.82857,18.375
144,2.02411E+13,01-02-prepare-and-store,cloud2,55.8,13.95,78.34
144,2.02411E+13,02-01-retrieve,cloud2,98.8,32.9167,14.25
144,2.02411E+13,02-02-slice,cloud2,99.6,56.9143,82.609
144,2.02411E+13,02-03-prepare,cloud2,101.8,78.5571,106.375
145,2.02411E+13,01-01-retrieve,cloud3,9.9,3.7125,23
145,2.02411E+13,01-02-prepare-and-store,cloud3,77.8,19.45,78.207
145,2.02411E+13,02-01-retrieve,cloud3,98.3,35.425,23.125
145,2.02411E+13,02-02-slice,cloud3,101.6,56.9143,82.484
145,2.02411E+13,02-03-prepare,cloud3,101.6,78.5133,106.492
146,2.02411E+13,01-01-retrieve,cloud4,9.9,3.3,23
146,2.02411E+13,01-02-prepare-and-store,cloud4,67.8,16.95,78.523
146,2.02411E+13,02-01-retrieve,cloud4,105.9,43.1286,14.25
146,2.02411E+13,02-02-slice,cloud4,101.6,56.9143,82.625
146,2.02411E+13,02-03-prepare,cloud4,101.7,76.5716,106.395
147,2.02411E+13,01-01-retrieve,cloud5,19.8,4.24286,10.25
147,2.02411E+13,01-02-prepare-and-store,cloud5,61.8,15.45,78.223
147,2.02411E+13,02-01-retrieve,cloud5,94.7,41.175,14.75
147,2.02411E+13,02-02-slice,cloud5,99.8,56.9857,82.234
147,2.02411E+13,02-03-prepare,cloud5,101.7,78.4573,105.766
148,2.02411E+13,01-01-retrieve,cloud6,9.9,4.925,21.5
148,2.02411E+13,01-02-prepare-and-store,cloud6,65.8,16.45,78.25
148,2.02411E+13,02-01-retrieve,cloud6,98.7,53.4556,22.875
148,2.02411E+13,02-02-slice,cloud6,101.8,56.7,82.09
148,2.02411E+13,02-03-prepare,cloud6,101.7,77.1684,105.84
149,2.02411E+13,01-01-retrieve,cloud7,29.7,7.425,15.875
149,2.02411E+13,01-02-prepare-and-store,cloud7,63.8,15.95,78.152
149,2.02411E+13,02-01-retrieve,cloud7,99,28.2571,7.125
149,2.02411E+13,02-02-slice,cloud7,101.7,56.9714,82.129
149,2.02411E+13,02-03-prepare,cloud7,101.8,77.7813,105.855
150,2.02411E+13,01-01-retrieve,cloud8,19.8,6.1875,23.125
150,2.02411E+13,01-02-prepare-and-store,cloud8,65.8,16.45,78.102
150,2.02411E+13,02-01-retrieve,cloud8,98.7,28.2,23.125
150,2.02411E+13,02-02-slice,cloud8,101.7,56.9571,82.375
150,2.02411E+13,02-03-prepare,cloud8,101.8,78.1338,106.344
151,2.02411E+13,01-01-retrieve,fog2,,0,14.875
151,2.02411E+13,01-02-prepare-and-store,fog2,23.9,5.975,78.203
151,2.02411E+13,02-01-retrieve,fog2,9.9,1.98,15.75
151,2.02411E+13,02-02-slice,fog2,,0,59.398
151,2.02411E+13,02-03-prepare,fog2,99.8,30.681,89.355
152,2.02411E+13,01-01-retrieve,fog3,,0,12.125
152,2.02411E+13,01-02-prepare-and-store,fog3,29.9,7.475,78.504
152,2.02411E+13,02-01-retrieve,fog3,19.8,3.96,15.75
152,2.02411E+13,02-02-slice,fog3,,0,59.902
152,2.02411E+13,02-03-prepare,fog3,101.7,31.0571,91.125
153,2.02411E+13,01-01-retrieve,cloud1,,0,15.875
153,2.02411E+13,01-02-prepare-and-store,cloud1,41.9,10.475,77.555
153,2.02411E+13,02-01-retrieve,cloud1,,0,20.875
153,2.02411E+13,02-02-slice,cloud1,99.7,24.925,74.336
153,2.02411E+13,02-03-prepare,cloud1,101.7,36.2545,89.098
154,2.02411E+13,01-01-retrieve,cloud2,,0,21.25
154,2.02411E+13,01-02-prepare-and-store,cloud2,31.9,7.975,77.645
154,2.02411E+13,02-01-retrieve,cloud2,,0,21.875
154,2.02411E+13,02-02-slice,cloud2,,0,57.164
154,2.02411E+13,02-03-prepare,cloud2,101.7,36.2545,89.484
155,2.02411E+13,01-01-retrieve,cloud3,,0,18.75
155,2.02411E+13,01-02-prepare-and-store,cloud3,53.8,13.45,78.254
155,2.02411E+13,02-01-retrieve,cloud3,,0,20.5
155,2.02411E+13,02-02-slice,cloud3,97.6,24.4,74.273
155,2.02411E+13,02-03-prepare,cloud3,101.7,36.2364,91.91
156,2.02411E+13,01-01-retrieve,cloud4,,0,22
156,2.02411E+13,01-02-prepare-and-store,cloud4,41.9,10.475,77.875
156,2.02411E+13,02-01-retrieve,cloud4,,0,21.75
156,2.02411E+13,02-02-slice,cloud4,,0,50.113
156,2.02411E+13,02-03-prepare,cloud4,101.7,33.1381,89.895
157,2.02411E+13,01-01-retrieve,cloud5,,0,16.25
157,2.02411E+13,01-02-prepare-and-store,cloud5,39.9,9.975,77.652
157,2.02411E+13,02-01-retrieve,cloud5,,0,15.625
157,2.02411E+13,02-02-slice,cloud5,97.7,24.425,73.691
157,2.02411E+13,02-03-prepare,cloud5,101.7,36.25,89.355
158,2.02411E+13,01-01-retrieve,cloud6,,0,18.75
158,2.02411E+13,01-02-prepare-and-store,cloud6,39.9,9.975,77.73
158,2.02411E+13,02-01-retrieve,cloud6,,0,15.25
158,2.02411E+13,02-02-slice,cloud6,97.6,24.4,73.953
158,2.02411E+13,02-03-prepare,cloud6,101.7,36.2409,89.266
159,2.02411E+13,01-01-retrieve,cloud7,,0,18
159,2.02411E+13,01-02-prepare-and-store,cloud7,41.8,10.45,77.855
159,2.02411E+13,02-01-retrieve,cloud7,,0,21.625
159,2.02411E+13,02-02-slice,cloud7,97.8,24.45,73.582
159,2.02411E+13,02-03-prepare,cloud7,101.7,36.2545,89.75
160,2.02411E+13,01-01-retrieve,cloud8,,0,16.125
160,2.02411E+13,01-02-prepare-and-store,cloud8,45.9,11.475,77.844
160,2.02411E+13,02-01-retrieve,cloud8,,0,21
160,2.02411E+13,02-02-slice,cloud8,97.7,24.425,74.078
160,2.02411E+13,02-03-prepare,cloud8,101.7,36.2455,89.047
161,2.02411E+13,01-01-retrieve,fog2,,0,7
161,2.02411E+13,01-02-prepare-and-store,fog2,27.9,6.975,77.75
161,2.02411E+13,02-01-retrieve,fog2,19.8,4.95,23.125
161,2.02411E+13,02-02-slice,fog2,,0,61.398
161,2.02411E+13,02-03-prepare,fog2,101.7,36.1773,90.285
162,2.02411E+13,01-01-retrieve,fog3,,0,23
162,2.02411E+13,01-02-prepare-and-store,fog3,25.9,6.475,77.875
162,2.02411E+13,02-01-retrieve,fog3,19.7,4.93333,22.875
162,2.02411E+13,02-02-slice,fog3,,0,60.902
162,2.02411E+13,02-03-prepare,fog3,101.7,36.2591,90.277
163,2.02411E+13,01-01-retrieve,cloud1,,0,12.5
163,2.02411E+13,01-02-prepare-and-store,cloud1,47.8,11.95,78.328
163,2.02411E+13,02-01-retrieve,cloud1,,0,20.625
163,2.02411E+13,02-02-slice,cloud1,99.7,24.925,75.062
163,2.02411E+13,02-03-prepare,cloud1,101.8,41.55,93.418
164,2.02411E+13,01-01-retrieve,cloud2,,0,20.875
164,2.02411E+13,01-02-prepare-and-store,cloud2,41.9,10.475,78.027
164,2.02411E+13,02-01-retrieve,cloud2,,0,22.5
164,2.02411E+13,02-02-slice,cloud2,99.7,24.925,74.754
164,2.02411E+13,02-03-prepare,cloud2,101.6,41.832,89.832
165,2.02411E+13,01-01-retrieve,cloud3,,0,14.75
165,2.02411E+13,01-02-prepare-and-store,cloud3,65.8,13.16,77.973
165,2.02411E+13,02-01-retrieve,cloud3,,0,15.625
165,2.02411E+13,02-02-slice,cloud3,99.6,24.9,74.797
165,2.02411E+13,02-03-prepare,cloud3,101.6,41.5083,90.32
166,2.02411E+13,01-01-retrieve,cloud4,,0,20.75
166,2.02411E+13,01-02-prepare-and-store,cloud4,37.9,9.475,78.078
166,2.02411E+13,02-01-retrieve,cloud4,,0,19
166,2.02411E+13,02-02-slice,cloud4,,0,57.098
166,2.02411E+13,02-03-prepare,cloud4,101.7,39.2042,90.137
167,2.02411E+13,01-01-retrieve,cloud5,,0,14.625
167,2.02411E+13,01-02-prepare-and-store,cloud5,53.8,13.45,77.547
167,2.02411E+13,02-01-retrieve,cloud5,,0,11.25
167,2.02411E+13,02-02-slice,cloud5,101.6,25.4,74.316
167,2.02411E+13,02-03-prepare,cloud5,101.7,41.625,89.582
168,2.02411E+13,01-01-retrieve,cloud6,,0,15.125
168,2.02411E+13,01-02-prepare-and-store,cloud6,43.9,10.975,77.438
168,2.02411E+13,02-01-retrieve,cloud6,,0,11.25
168,2.02411E+13,02-02-slice,cloud6,101.6,25.4,74.062
168,2.02411E+13,02-03-prepare,cloud6,101.7,41.5417,90.207
169,2.02411E+13,01-01-retrieve,cloud7,,0,14.625
169,2.02411E+13,01-02-prepare-and-store,cloud7,45.8,11.45,77.547
169,2.02411E+13,02-01-retrieve,cloud7,,0,15.625
169,2.02411E+13,02-02-slice,cloud7,101.7,25.425,73.949
169,2.02411E+13,02-03-prepare,cloud7,101.7,41.7,92.297
170,2.02411E+13,01-01-retrieve,cloud8,,0,12.75
170,2.02411E+13,01-02-prepare-and-store,cloud8,49.8,12.45,77.812
170,2.02411E+13,02-01-retrieve,cloud8,,0,15
170,2.02411E+13,02-02-slice,cloud8,101.7,25.425,74.445
170,2.02411E+13,02-03-prepare,cloud8,101.7,41.6917,90.18
171,2.02411E+13,01-01-retrieve,fog2,9.9,1.98,22.875
171,2.02411E+13,01-02-prepare-and-store,fog2,25.9,6.475,78.371
171,2.02411E+13,02-01-retrieve,fog2,19.8,6.6,17.625
171,2.02411E+13,02-02-slice,fog2,97.8,24.45,74.902
171,2.02411E+13,02-03-prepare,fog2,101.7,41.4583,92.035
172,2.02411E+13,01-01-retrieve,fog3,,0,22.75
172,2.02411E+13,01-02-prepare-and-store,fog3,29.9,7.475,78.539
172,2.02411E+13,02-01-retrieve,fog3,19.8,4.95,21
172,2.02411E+13,02-02-slice,fog3,95.8,23.95,74.656
172,2.02411E+13,02-03-prepare,fog3,101.8,40.9625,93.785
173,2.02411E+13,01-01-retrieve,cloud1,,0,14.75
173,2.02411E+13,01-02-prepare-and-store,cloud1,43.9,10.975,77.957
173,2.02411E+13,02-01-retrieve,cloud1,,0,16.25
173,2.02411E+13,02-02-slice,cloud1,99.7,24.925,74.406
173,2.02411E+13,02-03-prepare,cloud1,101.8,46.1,91.109
174,2.02411E+13,01-01-retrieve,cloud2,,0,15.125
174,2.02411E+13,01-02-prepare-and-store,cloud2,35.9,8.975,77.828
174,2.02411E+13,02-01-retrieve,cloud2,,0,20.75
174,2.02411E+13,02-02-slice,cloud2,99.7,24.925,74.422
174,2.02411E+13,02-03-prepare,cloud2,101.7,47.4074,91.402
175,2.02411E+13,01-01-retrieve,cloud3,,0,13.375
175,2.02411E+13,01-02-prepare-and-store,cloud3,63.8,12.76,78.598
175,2.02411E+13,02-01-retrieve,cloud3,,0,14.625
175,2.02411E+13,02-02-slice,cloud3,101.6,25.4,74.523
175,2.02411E+13,02-03-prepare,cloud3,101.6,45.9846,92.969
176,2.02411E+13,01-01-retrieve,cloud4,,0,15
176,2.02411E+13,01-02-prepare-and-store,cloud4,39.9,9.975,78.227
176,2.02411E+13,02-01-retrieve,cloud4,,0,16.25
176,2.02411E+13,02-02-slice,cloud4,99.6,24.9,74.297
176,2.02411E+13,02-03-prepare,cloud4,101.7,44.7731,91.152
177,2.02411E+13,01-01-retrieve,cloud5,,0,11.125
177,2.02411E+13,01-02-prepare-and-store,cloud5,41.9,10.475,77.922
177,2.02411E+13,02-01-retrieve,cloud5,,0,10.875
177,2.02411E+13,02-02-slice,cloud5,99.7,24.925,73.914
177,2.02411E+13,02-03-prepare,cloud5,101.7,46.6667,90.25
178,2.02411E+13,01-01-retrieve,cloud6,,0,9.5
178,2.02411E+13,01-02-prepare-and-store,cloud6,43.9,10.975,77.934
178,2.02411E+13,02-01-retrieve,cloud6,,0,10.875
178,2.02411E+13,02-02-slice,cloud6,99.6,24.9,74.176
178,2.02411E+13,02-03-prepare,cloud6,101.7,46.0846,90.27
179,2.02411E+13,01-01-retrieve,cloud7,,0,10.25
179,2.02411E+13,01-02-prepare-and-store,cloud7,43.9,10.975,77.77
179,2.02411E+13,02-01-retrieve,cloud7,,0,16.125
179,2.02411E+13,02-02-slice,cloud7,101.7,25.425,74.691
179,2.02411E+13,02-03-prepare,cloud7,101.7,46.0077,90.852
180,2.02411E+13,01-01-retrieve,cloud8,,0,11.375
180,2.02411E+13,01-02-prepare-and-store,cloud8,45.8,11.45,77.863
180,2.02411E+13,02-01-retrieve,cloud8,,0,15.625
180,2.02411E+13,02-02-slice,cloud8,97.8,24.45,74.32
180,2.02411E+13,02-03-prepare,cloud8,101.7,46.6667,92.438
181,2.02411E+13,01-01-retrieve,fog2,,0,22.75
181,2.02411E+13,01-02-prepare-and-store,fog2,35.9,8.975,78.023
181,2.02411E+13,02-01-retrieve,fog2,19.8,6.6,9.25
181,2.02411E+13,02-02-slice,fog2,97.7,24.425,74.969
181,2.02411E+13,02-03-prepare,fog2,101.7,43.788,91.875
182,2.02411E+13,01-01-retrieve,fog3,,0,21.375
182,2.02411E+13,01-02-prepare-and-store,fog3,29.9,7.475,78.34
182,2.02411E+13,02-01-retrieve,fog3,19.8,4.95,10.875
182,2.02411E+13,02-02-slice,fog3,99.8,24.95,74.465
182,2.02411E+13,02-03-prepare,fog3,101.7,44.1808,92.426
183,2.02411E+13,01-01-retrieve,cloud1,79.2,19.8,22.875
183,2.02411E+13,01-02-prepare-and-store,cloud1,43.9,10.975,77.793
183,2.02411E+13,02-01-retrieve,cloud1,,0,15.375
183,2.02411E+13,02-02-slice,cloud1,99.7,24.925,75.305
183,2.02411E+13,02-03-prepare,cloud1,101.7,49.9179,92.203
184,2.02411E+13,01-01-retrieve,cloud2,,0,11.25
184,2.02411E+13,01-02-prepare-and-store,cloud2,47.9,11.975,78.195
184,2.02411E+13,02-01-retrieve,cloud2,,0,14.125
184,2.02411E+13,02-02-slice,cloud2,99.6,24.9,74.719
184,2.02411E+13,02-03-prepare,cloud2,101.7,51.2966,91.855
185,2.02411E+13,01-01-retrieve,cloud3,,0,23.25
185,2.02411E+13,01-02-prepare-and-store,cloud3,61.8,15.45,78.535
185,2.02411E+13,02-01-retrieve,cloud3,,0,14.375
185,2.02411E+13,02-02-slice,cloud3,101.6,25.4,75.012
185,2.02411E+13,02-03-prepare,cloud3,101.6,49.9464,91.953
186,2.02411E+13,01-01-retrieve,cloud4,,0,15.625
186,2.02411E+13,01-02-prepare-and-store,cloud4,53.8,13.45,78.09
186,2.02411E+13,02-01-retrieve,cloud4,,0,11.375
186,2.02411E+13,02-02-slice,cloud4,101.6,25.4,75.297
186,2.02411E+13,02-03-prepare,cloud4,101.7,48.063,92.031
187,2.02411E+13,01-01-retrieve,cloud5,,0,6.875
187,2.02411E+13,01-02-prepare-and-store,cloud5,59.8,14.95,77.801
187,2.02411E+13,02-01-retrieve,cloud5,,0,23.125
187,2.02411E+13,02-02-slice,cloud5,99.6,24.9,74.875
187,2.02411E+13,02-03-prepare,cloud5,101.7,49.9643,91.504
188,2.02411E+13,01-01-retrieve,cloud6,,0,7.125
188,2.02411E+13,01-02-prepare-and-store,cloud6,53.8,13.45,77.98
188,2.02411E+13,02-01-retrieve,cloud6,,0,22.875
188,2.02411E+13,02-02-slice,cloud6,99.5,24.875,74.734
188,2.02411E+13,02-03-prepare,cloud6,101.7,49.9107,92.367
189,2.02411E+13,01-01-retrieve,cloud7,,0,22.875
189,2.02411E+13,01-02-prepare-and-store,cloud7,53.8,13.45,77.48
189,2.02411E+13,02-01-retrieve,cloud7,,0,14
189,2.02411E+13,02-02-slice,cloud7,101.7,25.425,75.02
189,2.02411E+13,02-03-prepare,cloud7,101.7,49.9214,91.727
190,2.02411E+13,01-01-retrieve,cloud8,,0,7
190,2.02411E+13,01-02-prepare-and-store,cloud8,53.8,13.45,77.871
190,2.02411E+13,02-01-retrieve,cloud8,,0,14.25
190,2.02411E+13,02-02-slice,cloud8,101.7,25.425,74.738
190,2.02411E+13,02-03-prepare,cloud8,101.7,49.9143,91.992
191,2.02411E+13,01-01-retrieve,fog2,9.9,1.98,11.875
191,2.02411E+13,01-02-prepare-and-store,fog2,37.9,9.475,77.656
191,2.02411E+13,02-01-retrieve,fog2,19.8,7.07143,15.125
191,2.02411E+13,02-02-slice,fog2,97.7,24.425,74.934
191,2.02411E+13,02-03-prepare,fog2,101.8,48.7,93.867
192,2.02411E+13,01-01-retrieve,fog3,,0,13.125
192,2.02411E+13,01-02-prepare-and-store,fog3,33.9,8.475,78.465
192,2.02411E+13,02-01-retrieve,fog3,19.8,5.64286,14.25
192,2.02411E+13,02-02-slice,fog3,101.7,25.425,75.438
192,2.02411E+13,02-03-prepare,fog3,101.8,48.0857,94.047
193,2.02411E+13,01-01-retrieve,cloud1,,0,23
193,2.02411E+13,01-02-prepare-and-store,cloud1,53.8,13.45,78
193,2.02411E+13,02-01-retrieve,cloud1,,0,12.375
193,2.02411E+13,02-02-slice,cloud1,99.7,24.925,75.168
193,2.02411E+13,02-03-prepare,cloud1,101.7,54.2226,93.957
194,2.02411E+13,01-01-retrieve,cloud2,,0,22.875
194,2.02411E+13,01-02-prepare-and-store,cloud2,51.9,12.975,78.277
194,2.02411E+13,02-01-retrieve,cloud2,,0,14.375
194,2.02411E+13,02-02-slice,cloud2,101.7,25.425,75.371
194,2.02411E+13,02-03-prepare,cloud2,101.7,55.1781,94.156
195,2.02411E+13,01-01-retrieve,cloud3,,0,23
195,2.02411E+13,01-02-prepare-and-store,cloud3,67.8,16.95,78.254
195,2.02411E+13,02-01-retrieve,cloud3,,0,22.875
195,2.02411E+13,02-02-slice,cloud3,101.6,25.4,75.93
195,2.02411E+13,02-03-prepare,cloud3,101.7,54.7419,94.336
196,2.02411E+13,01-01-retrieve,cloud4,,0,14.375
196,2.02411E+13,01-02-prepare-and-store,cloud4,49.9,12.475,78.117
196,2.02411E+13,02-01-retrieve,cloud4,,0,12.875
196,2.02411E+13,02-02-slice,cloud4,99.6,24.9,75.785
196,2.02411E+13,02-03-prepare,cloud4,101.7,51.7567,94.531
197,2.02411E+13,01-01-retrieve,cloud5,9.8,1.96,22.875
197,2.02411E+13,01-02-prepare-and-store,cloud5,53.8,13.45,77.836
197,2.02411E+13,02-01-retrieve,cloud5,97.8,19.56,20.75
197,2.02411E+13,02-02-slice,cloud5,97.7,24.425,75.367
197,2.02411E+13,02-03-prepare,cloud5,101.7,54.2839,93.465
198,2.02411E+13,01-01-retrieve,cloud6,9.8,1.96,22.125
198,2.02411E+13,01-02-prepare-and-store,cloud6,59.8,14.95,77.578
198,2.02411E+13,02-01-retrieve,cloud6,96.9,19.38,21.5
198,2.02411E+13,02-02-slice,cloud6,99.6,24.9,75.559
198,2.02411E+13,02-03-prepare,cloud6,101.8,53.7,93.855
199,2.02411E+13,01-01-retrieve,cloud7,9.9,1.98,22.75
199,2.02411E+13,01-02-prepare-and-store,cloud7,57.8,14.45,77.75
199,2.02411E+13,02-01-retrieve,cloud7,,0,14.375
199,2.02411E+13,02-02-slice,cloud7,99.6,24.9,75.59
199,2.02411E+13,02-03-prepare,cloud7,101.7,54.4677,93.746
200,2.02411E+13,01-01-retrieve,cloud8,,0,22.742
200,2.02411E+13,01-02-prepare-and-store,cloud8,57.7,14.425,77.418
200,2.02411E+13,02-01-retrieve,cloud8,,0,11.25
200,2.02411E+13,02-02-slice,cloud8,99.7,24.925,75.457
200,2.02411E+13,02-03-prepare,cloud8,101.7,53.6419,93.941
201,2.02411E+13,01-01-retrieve,fog2,9.9,1.65,22.625
201,2.02411E+13,01-02-prepare-and-store,fog2,29.9,7.475,77.93
201,2.02411E+13,02-01-retrieve,fog2,19.8,7.07143,22.875
201,2.02411E+13,02-02-slice,fog2,99.8,24.95,75.383
201,2.02411E+13,02-03-prepare,fog2,101.7,51.3034,94.254
202,2.02411E+13,01-01-retrieve,fog3,9.9,1.98,22.75
202,2.02411E+13,01-02-prepare-and-store,fog3,23.9,5.975,78.086
202,2.02411E+13,02-01-retrieve,fog3,19.8,5.65714,23
202,2.02411E+13,02-02-slice,fog3,99.7,24.925,75.012
202,2.02411E+13,02-03-prepare,fog3,101.7,51.4897,94.109
203,2.02411E+13,01-01-retrieve,cloud1,9.9,1.98,23
203,2.02411E+13,01-02-prepare-and-store,cloud1,37.9,9.475,77.887
203,2.02411E+13,02-01-retrieve,cloud1,,0,11
203,2.02411E+13,02-02-slice,cloud1,99.7,24.925,75.906
203,2.02411E+13,02-03-prepare,cloud1,103.6,57.1848,93.883
204,2.02411E+13,01-01-retrieve,cloud2,,0,21.25
204,2.02411E+13,01-02-prepare-and-store,cloud2,33.9,8.475,78.504
204,2.02411E+13,02-01-retrieve,cloud2,,0,6.875
204,2.02411E+13,02-02-slice,cloud2,99.7,24.925,75.949
204,2.02411E+13,02-03-prepare,cloud2,101.7,57.9441,94.527
205,2.02411E+13,01-01-retrieve,cloud3,9.9,1.98,21
205,2.02411E+13,01-02-prepare-and-store,cloud3,53.8,10.76,78.383
205,2.02411E+13,02-01-retrieve,cloud3,,0,22.625
205,2.02411E+13,02-02-slice,cloud3,99.6,24.9,76.176
205,2.02411E+13,02-03-prepare,cloud3,101.6,57.4758,94.84
206,2.02411E+13,01-01-retrieve,cloud4,,0,10.75
206,2.02411E+13,01-02-prepare-and-store,cloud4,37.9,9.475,78.031
206,2.02411E+13,02-01-retrieve,cloud4,96.2,24.05,22.875
206,2.02411E+13,02-02-slice,cloud4,99.7,24.925,75.785
206,2.02411E+13,02-03-prepare,cloud4,101.7,54.7839,93.934
207,2.02411E+13,01-01-retrieve,cloud5,9.9,1.98,22.25
207,2.02411E+13,01-02-prepare-and-store,cloud5,45.9,11.475,77.719
207,2.02411E+13,02-01-retrieve,cloud5,68.6,13.72,19.125
207,2.02411E+13,02-02-slice,cloud5,101.7,25.425,75.797
207,2.02411E+13,02-03-prepare,cloud5,101.7,56.8576,94.211
208,2.02411E+13,01-01-retrieve,cloud6,9.8,1.96,22.125
208,2.02411E+13,01-02-prepare-and-store,cloud6,41.9,10.475,77.785
208,2.02411E+13,02-01-retrieve,cloud6,88.3,17.66,14.75
208,2.02411E+13,02-02-slice,cloud6,99.7,24.925,75.691
208,2.02411E+13,02-03-prepare,cloud6,101.7,57.2091,93.785
209,2.02411E+13,01-01-retrieve,cloud7,9.9,1.98,18.25
209,2.02411E+13,01-02-prepare-and-store,cloud7,43.9,10.975,77.762
209,2.02411E+13,02-01-retrieve,cloud7,98.8,19.76,22.875
209,2.02411E+13,02-02-slice,cloud7,97.7,24.425,75.969
209,2.02411E+13,02-03-prepare,cloud7,103.7,57.2697,94.145
210,2.02411E+13,01-01-retrieve,cloud8,9.9,1.98,15.125
210,2.02411E+13,01-02-prepare-and-store,cloud8,39.9,9.975,77.875
210,2.02411E+13,02-01-retrieve,cloud8,,0,10.625
210,2.02411E+13,02-02-slice,cloud8,99.8,24.95,75.723
210,2.02411E+13,02-03-prepare,cloud8,101.7,57.5121,93.879
211,2.02411E+13,01-01-retrieve,fog2,9.9,1.65,22.875
211,2.02411E+13,01-02-prepare-and-store,fog2,39.9,9.975,78.086
211,2.02411E+13,02-01-retrieve,fog2,19.8,8.6625,17.875
211,2.02411E+13,02-02-slice,fog2,99.6,24.9,75.711
211,2.02411E+13,02-03-prepare,fog2,101.7,53.0677,95.336
212,2.02411E+13,01-01-retrieve,fog3,9.9,1.65,22.875
212,2.02411E+13,01-02-prepare-and-store,fog3,37.9,9.475,78.18
212,2.02411E+13,02-01-retrieve,fog3,19.8,8.65,16.25
212,2.02411E+13,02-02-slice,fog3,97.8,24.45,76.086
212,2.02411E+13,02-03-prepare,fog3,101.8,53.9065,95.281
213,2.02411E+13,01-01-retrieve,cloud1,,0,22.75
213,2.02411E+13,01-02-prepare-and-store,cloud1,51.8,12.95,78.094
213,2.02411E+13,02-01-retrieve,cloud1,,0,23.125
213,2.02411E+13,02-02-slice,cloud1,101.8,25.45,76.215
213,2.02411E+13,02-03-prepare,cloud1,101.7,59.7771,95.445
214,2.02411E+13,01-01-retrieve,cloud2,9.9,1.98,23
214,2.02411E+13,01-02-prepare-and-store,cloud2,55.8,13.95,78.395
214,2.02411E+13,02-01-retrieve,cloud2,,0,7
214,2.02411E+13,02-02-slice,cloud2,101.7,25.425,76.285
214,2.02411E+13,02-03-prepare,cloud2,101.7,60.6892,94.852
215,2.02411E+13,01-01-retrieve,cloud3,9.9,1.98,23
215,2.02411E+13,01-02-prepare-and-store,cloud3,87.8,17.56,78.434
215,2.02411E+13,02-01-retrieve,cloud3,85.8,17.16,22.875
215,2.02411E+13,02-02-slice,cloud3,101.6,39.46,76.59
215,2.02411E+13,02-03-prepare,cloud3,101.6,59.9429,95.895
216,2.02411E+13,01-01-retrieve,cloud4,,0,22.625
216,2.02411E+13,01-02-prepare-and-store,cloud4,57.8,14.45,78.105
216,2.02411E+13,02-01-retrieve,cloud4,87.9,21.975,22.875
216,2.02411E+13,02-02-slice,cloud4,95.6,23.9,76.25
216,2.02411E+13,02-03-prepare,cloud4,101.7,57.4529,95.316
217,2.02411E+13,01-01-retrieve,cloud5,,0,16.25
217,2.02411E+13,01-02-prepare-and-store,cloud5,65.8,16.45,77.957
217,2.02411E+13,02-01-retrieve,cloud5,68.8,13.76,15
217,2.02411E+13,02-02-slice,cloud5,99.7,39.5,76.32
217,2.02411E+13,02-03-prepare,cloud5,101.7,59.8057,95.41
218,2.02411E+13,01-01-retrieve,cloud6,9.9,1.98,19
218,2.02411E+13,01-02-prepare-and-store,cloud6,61.8,15.45,78.023
218,2.02411E+13,02-01-retrieve,cloud6,78.9,15.78,14.875
218,2.02411E+13,02-02-slice,cloud6,99.6,24.9,75.82
218,2.02411E+13,02-03-prepare,cloud6,101.7,59.9857,95.117
219,2.02411E+13,01-01-retrieve,cloud7,9.9,1.98,15.625
219,2.02411E+13,01-02-prepare-and-store,cloud7,65.8,16.45,77.973
219,2.02411E+13,02-01-retrieve,cloud7,89.1,17.82,22.875
219,2.02411E+13,02-02-slice,cloud7,101.7,39.48,75.961
219,2.02411E+13,02-03-prepare,cloud7,101.7,59.9286,95.223
220,2.02411E+13,01-01-retrieve,cloud8,9.9,1.98,20.25
220,2.02411E+13,01-02-prepare-and-store,cloud8,63.8,15.95,77.895
220,2.02411E+13,02-01-retrieve,cloud8,,0,23.125
220,2.02411E+13,02-02-slice,cloud8,101.7,39.88,76.211
220,2.02411E+13,02-03-prepare,cloud8,101.7,59.7472,95.426
221,2.02411E+13,01-01-retrieve,fog2,9.9,1.65,15.125
221,2.02411E+13,01-02-prepare-and-store,fog2,31.8,7.95,77.656
221,2.02411E+13,02-01-retrieve,fog2,19.8,9.9,22.875
221,2.02411E+13,02-02-slice,fog2,99.7,24.925,75.816
221,2.02411E+13,02-03-prepare,fog2,101.8,56.1469,97.523
222,2.02411E+13,01-01-retrieve,fog3,9.9,1.65,20.875
222,2.02411E+13,01-02-prepare-and-store,fog3,35.9,8.975,78.117
222,2.02411E+13,02-01-retrieve,fog3,19.8,9.9,23
222,2.02411E+13,02-02-slice,fog3,99.7,24.925,76.402
222,2.02411E+13,02-03-prepare,fog3,101.8,56.5061,95.816
223,2.02411E+13,01-01-retrieve,cloud1,,0,16.375
223,2.02411E+13,01-02-prepare-and-store,cloud1,51.8,12.95,78.828
223,2.02411E+13,02-01-retrieve,cloud1,98.6,19.72,21.25
223,2.02411E+13,02-02-slice,cloud1,99.7,39.46,76.551
223,2.02411E+13,02-03-prepare,cloud1,101.7,62.1158,99.664
224,2.02411E+13,01-01-retrieve,cloud2,,0,21.5
224,2.02411E+13,01-02-prepare-and-store,cloud2,47.9,11.975,78.051
224,2.02411E+13,02-01-retrieve,cloud2,98.4,19.68,21.5
224,2.02411E+13,02-02-slice,cloud2,99.7,39.48,76.574
224,2.02411E+13,02-03-prepare,cloud2,101.8,63.0949,95.578
225,2.02411E+13,01-01-retrieve,cloud3,,0,19.5
225,2.02411E+13,01-02-prepare-and-store,cloud3,70.4,17.6,78.074
225,2.02411E+13,02-01-retrieve,cloud3,97.2,19.44,21.375
225,2.02411E+13,02-02-slice,cloud3,101.6,39.84,77.113
225,2.02411E+13,02-03-prepare,cloud3,101.6,62.1842,97.547
226,2.02411E+13,01-01-retrieve,cloud4,9.9,2.475,23
226,2.02411E+13,01-02-prepare-and-store,cloud4,49.9,12.475,78.605
226,2.02411E+13,02-01-retrieve,cloud4,98.5,19.7,22.875
226,2.02411E+13,02-02-slice,cloud4,101.6,20.32,76.703
226,2.02411E+13,02-03-prepare,cloud4,101.7,60.9028,97.695
227,2.02411E+13,01-01-retrieve,cloud5,9.8,1.96,18
227,2.02411E+13,01-02-prepare-and-store,cloud5,53.9,13.475,77.938
227,2.02411E+13,02-01-retrieve,cloud5,68.8,13.76,10.625
227,2.02411E+13,02-02-slice,cloud5,99.7,39.88,76.367
227,2.02411E+13,02-03-prepare,cloud5,101.7,62.1189,100.051
228,2.02411E+13,01-01-retrieve,cloud6,9.9,1.98,15.875
228,2.02411E+13,01-02-prepare-and-store,cloud6,59.8,14.95,77.953
228,2.02411E+13,02-01-retrieve,cloud6,88.2,17.64,13.5
228,2.02411E+13,02-02-slice,cloud6,99.7,39.86,76.242
228,2.02411E+13,02-03-prepare,cloud6,101.7,62.1711,96.898
229,2.02411E+13,01-01-retrieve,cloud7,,0,13.75
229,2.02411E+13,01-02-prepare-and-store,cloud7,55.8,13.95,78.227
229,2.02411E+13,02-01-retrieve,cloud7,98.3,19.66,22.625
229,2.02411E+13,02-02-slice,cloud7,99.7,39.88,76.199
229,2.02411E+13,02-03-prepare,cloud7,101.7,62.127,96.816
230,2.02411E+13,01-01-retrieve,cloud8,9.9,1.98,14.875
230,2.02411E+13,01-02-prepare-and-store,cloud8,55.8,13.95,78.277
230,2.02411E+13,02-01-retrieve,cloud8,98.1,19.62,15.875
230,2.02411E+13,02-02-slice,cloud8,101.7,40.28,76.312
230,2.02411E+13,02-03-prepare,cloud8,101.7,62.3895,97.234
231,2.02411E+13,01-01-retrieve,fog2,9.9,1.65,20.75
231,2.02411E+13,01-02-prepare-and-store,fog2,27.9,6.975,78.379
231,2.02411E+13,02-01-retrieve,fog2,19.8,8.8,18.75
231,2.02411E+13,02-02-slice,fog2,101.7,25.425,76.605
231,2.02411E+13,02-03-prepare,fog2,101.8,58.24,98.391
232,2.02411E+13,01-01-retrieve,fog3,9.9,1.65,14.5
232,2.02411E+13,01-02-prepare-and-store,fog3,29.9,7.475,77.957
232,2.02411E+13,02-01-retrieve,fog3,19.8,9.9,18.25
232,2.02411E+13,02-02-slice,fog3,99.7,24.925,76.488
232,2.02411E+13,02-03-prepare,fog3,101.8,58.8086,97.852
233,2.02411E+13,01-01-retrieve,cloud1,9.9,1.98,11
233,2.02411E+13,01-02-prepare-and-store,cloud1,47.9,11.975,78.582
233,2.02411E+13,02-01-retrieve,cloud1,98.5,19.7,21.875
233,2.02411E+13,02-02-slice,cloud1,101.6,40.24,76.801
233,2.02411E+13,02-03-prepare,cloud1,101.7,64.9575,98.113
234,2.02411E+13,01-01-retrieve,cloud2,,0,15.375
234,2.02411E+13,01-02-prepare-and-store,cloud2,37.9,9.475,78.41
234,2.02411E+13,02-01-retrieve,cloud2,96.7,19.34,23
234,2.02411E+13,02-02-slice,cloud2,99.6,39.84,76.301
234,2.02411E+13,02-03-prepare,cloud2,101.7,65.461,98.816
235,2.02411E+13,01-01-retrieve,cloud3,9.9,1.98,20.875
235,2.02411E+13,01-02-prepare-and-store,cloud3,57.8,14.45,78.266
235,2.02411E+13,02-01-retrieve,cloud3,98.3,19.66,15.125
235,2.02411E+13,02-02-slice,cloud3,101.6,39.84,76.707
235,2.02411E+13,02-03-prepare,cloud3,101.7,64.9075,98.219
236,2.02411E+13,01-01-retrieve,cloud4,,0,22.75
236,2.02411E+13,01-02-prepare-and-store,cloud4,37.9,9.475,78.062
236,2.02411E+13,02-01-retrieve,cloud4,95.4,19.08,22.875
236,2.02411E+13,02-02-slice,cloud4,97.6,38.64,76.836
236,2.02411E+13,02-03-prepare,cloud4,101.7,62.5684,98.73
237,2.02411E+13,01-01-retrieve,cloud5,9.8,1.96,14.625
237,2.02411E+13,01-02-prepare-and-store,cloud5,47.9,11.975,77.844
237,2.02411E+13,02-01-retrieve,cloud5,68.8,11.4667,22.75
237,2.02411E+13,02-02-slice,cloud5,99.6,39.84,76.262
237,2.02411E+13,02-03-prepare,cloud5,101.7,64.15,97.805
238,2.02411E+13,01-01-retrieve,cloud6,9.9,1.98,10.875
238,2.02411E+13,01-02-prepare-and-store,cloud6,45.9,11.475,78.148
238,2.02411E+13,02-01-retrieve,cloud6,95.9,30.1833,22.875
238,2.02411E+13,02-02-slice,cloud6,99.7,39.88,76.547
238,2.02411E+13,02-03-prepare,cloud6,101.7,63.7975,98.402
239,2.02411E+13,01-01-retrieve,cloud7,9.9,1.65,22.875
239,2.02411E+13,01-02-prepare-and-store,cloud7,59.8,14.95,77.984
239,2.02411E+13,02-01-retrieve,cloud7,89.1,17.82,15.625
239,2.02411E+13,02-02-slice,cloud7,101.7,40.26,76.766
239,2.02411E+13,02-03-prepare,cloud7,101.7,66.5976,97.57
240,2.02411E+13,01-01-retrieve,cloud8,9.9,1.98,14.375
240,2.02411E+13,01-02-prepare-and-store,cloud8,47.9,11.975,78.105
240,2.02411E+13,02-01-retrieve,cloud8,88.7,17.74,21.375
240,2.02411E+13,02-02-slice,cloud8,101.7,40.28,76.445
240,2.02411E+13,02-03-prepare,cloud8,101.7,64.9475,97.566
241,2.02411E+13,01-01-retrieve,fog2,9.9,1.41429,20.75
241,2.02411E+13,01-02-prepare-and-store,fog2,39.9,9.975,78.109
241,2.02411E+13,02-01-retrieve,fog2,19.8,8.9,17.875
241,2.02411E+13,02-02-slice,fog2,99.8,39.9,77.582
241,2.02411E+13,02-03-prepare,fog2,101.8,62.5605,101.012
242,2.02411E+13,01-01-retrieve,fog3,9.9,2.82857,23
242,2.02411E+13,01-02-prepare-and-store,fog3,41.9,10.475,77.797
242,2.02411E+13,02-01-retrieve,fog3,19.8,10.88,17.375
242,2.02411E+13,02-02-slice,fog3,101.7,40.28,77.379
242,2.02411E+13,02-03-prepare,fog3,101.7,63.0316,100.359
243,2.02411E+13,01-01-retrieve,cloud1,9.9,1.98,7
243,2.02411E+13,01-02-prepare-and-store,cloud1,59.8,14.95,78.199
243,2.02411E+13,02-01-retrieve,cloud1,89,17.8,20.625
243,2.02411E+13,02-02-slice,cloud1,99.6,39.84,77.699
243,2.02411E+13,02-03-prepare,cloud1,101.8,68.3689,100.582
244,2.02411E+13,01-01-retrieve,cloud2,,0,13.625
244,2.02411E+13,01-02-prepare-and-store,cloud2,53.9,13.475,78.195
244,2.02411E+13,02-01-retrieve,cloud2,88.5,17.7,21.25
244,2.02411E+13,02-02-slice,cloud2,99.6,39.44,77.578
244,2.02411E+13,02-03-prepare,cloud2,101.7,68.9217,100.305
245,2.02411E+13,01-01-retrieve,cloud3,9.9,1.98,11.25
245,2.02411E+13,01-02-prepare-and-store,cloud3,69.8,17.45,78.344
245,2.02411E+13,02-01-retrieve,cloud3,97.3,19.46,23
245,2.02411E+13,02-02-slice,cloud3,99.6,39.44,77.68
245,2.02411E+13,02-03-prepare,cloud3,101.6,68.3667,101.164
246,2.02411E+13,01-01-retrieve,cloud4,9.9,1.98,14.5
246,2.02411E+13,01-02-prepare-and-store,cloud4,59.8,14.95,78.426
246,2.02411E+13,02-01-retrieve,cloud4,88.4,17.68,14.25
246,2.02411E+13,02-02-slice,cloud4,99.6,39.84,77.898
246,2.02411E+13,02-03-prepare,cloud4,101.7,65.4452,101.469
247,2.02411E+13,01-01-retrieve,cloud5,9.9,3.28333,23.125
247,2.02411E+13,01-02-prepare-and-store,cloud5,65.8,16.45,77.984
247,2.02411E+13,02-01-retrieve,cloud5,87.3,27.05,21.125
247,2.02411E+13,02-02-slice,cloud5,101.7,40.28,77.375
247,2.02411E+13,02-03-prepare,cloud5,101.7,68.18,102.852
248,2.02411E+13,01-01-retrieve,cloud6,9.8,1.96,7
248,2.02411E+13,01-02-prepare-and-store,cloud6,59.7,14.925,78.227
248,2.02411E+13,02-01-retrieve,cloud6,105.4,32.3167,18.5
248,2.02411E+13,02-02-slice,cloud6,99.7,39.88,77.211
248,2.02411E+13,02-03-prepare,cloud6,101.7,67.9682,100.16
249,2.02411E+13,01-01-retrieve,cloud7,9.9,3.3,22.375
249,2.02411E+13,01-02-prepare-and-store,cloud7,61.8,15.45,78.113
249,2.02411E+13,02-01-retrieve,cloud7,98.7,19.74,13.5
249,2.02411E+13,02-02-slice,cloud7,101.7,40.28,77.617
249,2.02411E+13,02-03-prepare,cloud7,101.8,68.1568,100.23
250,2.02411E+13,01-01-retrieve,cloud8,9.9,3.3,23.125
250,2.02411E+13,01-02-prepare-and-store,cloud8,59.8,14.95,77.812
250,2.02411E+13,02-01-retrieve,cloud8,98.4,19.68,14.25
250,2.02411E+13,02-02-slice,cloud8,99.7,39.86,77.477
250,2.02411E+13,02-03-prepare,cloud8,101.8,68.1591,100.168
251,2.02411E+13,01-01-retrieve,fog2,9.9,1.41429,18.875
251,2.02411E+13,01-02-prepare-and-store,fog2,21.9,5.475,78.023
251,2.02411E+13,02-01-retrieve,fog2,29.7,12.5818,15.625
251,2.02411E+13,02-02-slice,fog2,99.8,39.92,78.156
251,2.02411E+13,02-03-prepare,fog2,101.7,65.8048,101.512
252,2.02411E+13,01-01-retrieve,fog3,9.9,2.82857,21.375
252,2.02411E+13,01-02-prepare-and-store,fog3,25.9,6.475,78.234
252,2.02411E+13,02-01-retrieve,fog3,29.7,12.5909,15.75
252,2.02411E+13,02-02-slice,fog3,99.8,39.9,78.781
252,2.02411E+13,02-03-prepare,fog3,101.7,66.0881,101.273
253,2.02411E+13,01-01-retrieve,cloud1,9.9,1.65,22.625
253,2.02411E+13,01-02-prepare-and-store,cloud1,33.9,8.475,77.828
253,2.02411E+13,02-01-retrieve,cloud1,88.9,17.78,14.625
253,2.02411E+13,02-02-slice,cloud1,101.7,40.28,78.605
253,2.02411E+13,02-03-prepare,cloud1,101.7,70.9061,103.828
254,2.02411E+13,01-01-retrieve,cloud2,9.9,1.65,22.875
254,2.02411E+13,01-02-prepare-and-store,cloud2,35.9,8.975,77.734
254,2.02411E+13,02-01-retrieve,cloud2,98.4,19.68,12.43
254,2.02411E+13,02-02-slice,cloud2,101.7,40.28,79.105
254,2.02411E+13,02-03-prepare,cloud2,101.8,71.982,101.504
255,2.02411E+13,01-01-retrieve,cloud3,9.9,1.65,23.125
255,2.02411E+13,01-02-prepare-and-store,cloud3,51.9,12.975,78.184
255,2.02411E+13,02-01-retrieve,cloud3,86.5,17.3,10.5
255,2.02411E+13,02-02-slice,cloud3,101.6,40.24,78.973
255,2.02411E+13,02-03-prepare,cloud3,101.6,71.2776,101.699
256,2.02411E+13,01-01-retrieve,cloud4,9.9,1.98,12.625
256,2.02411E+13,01-02-prepare-and-store,cloud4,27.9,6.975,77.945
256,2.02411E+13,02-01-retrieve,cloud4,98.6,31,23
256,2.02411E+13,02-02-slice,cloud4,99.6,39.84,78.824
256,2.02411E+13,02-03-prepare,cloud4,101.7,69.6723,103.562
257,2.02411E+13,01-01-retrieve,cloud5,9.9,3.3,21
257,2.02411E+13,01-02-prepare-and-store,cloud5,37.9,9.475,78.008
257,2.02411E+13,02-01-retrieve,cloud5,87.2,26.0667,11.25
257,2.02411E+13,02-02-slice,cloud5,99.7,49.8167,78.547
257,2.02411E+13,02-03-prepare,cloud5,101.7,71.4061,103.41
258,2.02411E+13,01-01-retrieve,cloud6,9.9,1.65,20.875
258,2.02411E+13,01-02-prepare-and-store,cloud6,41.9,10.475,77.566
258,2.02411E+13,02-01-retrieve,cloud6,108.1,31.1,11.5
258,2.02411E+13,02-02-slice,cloud6,101.5,49.7833,78.234
258,2.02411E+13,02-03-prepare,cloud6,101.7,71.2449,103.543
259,2.02411E+13,01-01-retrieve,cloud7,19.8,4.95,12
259,2.02411E+13,01-02-prepare-and-store,cloud7,39.9,9.975,77.66
259,2.02411E+13,02-01-retrieve,cloud7,98.8,19.76,14.75
259,2.02411E+13,02-02-slice,cloud7,101.7,33.5667,78.129
259,2.02411E+13,02-03-prepare,cloud7,101.8,70.775,100.891
260,2.02411E+13,01-01-retrieve,cloud8,9.9,3.3,20.875
260,2.02411E+13,01-02-prepare-and-store,cloud8,35.9,8.975,77.574
260,2.02411E+13,02-01-retrieve,cloud8,98.8,19.76,10
260,2.02411E+13,02-02-slice,cloud8,99.7,39.88,78.805
260,2.02411E+13,02-03-prepare,cloud8,101.7,71.1224,100.852
